Workbook
Name 補完_階床候補: 塔内機器_入力①_DB!$C$2:$C$937

Sheet 補完ガイド
B2: SA900-01 据付寸法自動計算ツール
B3: iReporter向け修正版 v2 / 2026-09-20
B4: 推定部品は確認記録が揃うまで出力を停止します。基本入力・寸法・階高を変更すると、各出力の状態表示も更新します。
B7: 現在の入力と参照状態
B8: 階床名 | C8: =帳票基本入力!C5 -> 1-7 | E8: 部品DBキー | F8: =塔内機器_計算用シート!R4 -> UA-25TP900有
B9: 階床DB | C9: =IF(塔内機器_計算用シート!Y4<>1,"未登録・重複",IF(COUNTIF(塔内機器_入力①_DB!$C$201:$C$937,C8)>0,"補完・追記","原データ")) -> 補完・追記 | E9: 部品DB | F9: =IFERROR(VLOOKUP(F8,塔内機器_出力②_DB!$M$4:$O$23,3,FALSE),"未登録") -> 原データ
B10: 計算の確認 | C10: =塔内機器_計算用シート!Y23 -> 参照範囲内（設計妥当性は要照合）
B12: 操作
B13: 1. 帳票基本入力を設定 | E13: 2. 機種・寸法・階高を入力
B14: 3. 出力①・②を確認 | E14: 4. 出力③の部品を確認
B16: 補完・修正した内容
B17: 階床DB | C17: 候補・数式・判定の範囲を2～937行に統一。追記を自動参照。
B18: 取付階 | C18: 空階を近似検索から除外。最上階の階名を正しく表示。
B19: 入力確認 | C19: 整数・必須・範囲・階高合計・未使用欄の残値を検査。
B20: 推定部品 | C20: 出力②_DB の V～Z列へ資料・版・確認者・日付・判定を記録。
B21: 計算負荷 | C21: 固定DBキーを値にし、同じ階床の二重検索を解消。
B22: 誤操作防止 | C22: 数式とDBを保護。保守時はパスワードなしで保護解除。
B23: 画面・印刷 | C23: 基本入力を1ページに集約。DBは表示を保ち、帳票印刷対象外。
B24: マスター | C24: 復元マスターとv1を変更せず、別ファイルとして保存。
B26: 推定DBの内訳
B27: 区分 | C27: 機種 | D27: OP | E27: 遮煙 | F27: 行 | G27: 転用元
B28: 一部推定 | C28: UAE-25T | D28: 1000 | E28: 無 | F28: 501–507 | G28: グループ105
B29: 推定・要照合 | C29: UAE-25T | D29: 1000 | E29: 有 | F29: 508–563 | G29: グループ106
B30: 推定・要照合 | C30: UAE-25T | D30: 1100 | E30: 無 | F30: 564–619 | G30: グループ107
B31: 推定・要照合 | C31: UAE-25T | D31: 1100 | E31: 有 | F31: 620–675 | G31: グループ108
B32: 推定・要照合 | C32: UA-25TR | D32: 800 | E32: 無 | F32: 676–731 | G32: グループ101
B33: 推定・要照合 | C33: UA-25TR | D33: 800 | E33: 有 | F33: 732–787 | G33: グループ102
B34: 推定・要照合 | C34: UA-25TR | D34: 900 | E34: 無 | F34: 788–843 | G34: グループ103
B35: 推定・要照合 | C35: UA-25TR | D35: 900 | E35: 有 | F35: 844–899 | G35: グループ104
B36: 推定・要照合 | C36: UA-25TB | D36: 1100 | E36: 無 | F36: 900–955 | G36: グループ107
B37: 推定・要照合 | C37: UA-25TB | D37: 1100 | E37: 有 | F37: 956–1011 | G37: グループ108
B38: 推定・要照合 | C38: UA-25TB | D38: 1200 | E38: 無 | F38: 1012–1067 | G38: グループ107
B39: 推定・要照合 | C39: UA-25TB | D39: 1200 | E39: 有 | F39: 1068–1123 | G39: グループ108
B41: 残っている制限
B42: ExcelOutputSetting・クラスター設定の欠落は今回の修正対象外です。iPhone上の計算・入力制御は、設定を復元した後に実機確認が必要です。
B44: 階床DBは937行まで追記可能。部品DBの追加・並べ替え・寸法変更時は固定キーを再生成し、検証を再実行してください。推定内容そのもののメーカー照合は未実施です。
B47: 作成者: Codex (GPT-6) / マスター保存・推定補完・検証結果を別紙に記録

Sheet 帳票基本入力
B2: SA900-01 帳票基本入力
B3: 機種・寸法・階高は「塔内機器_入力①」に入力します。
B5: 階床名 | C5: 1-7
B6: 元機種仕様（P型） | C6: UAP-13-2S45
B7: Cwtセフティ | C7: Cwtｾﾌﾃｨ付
B8: テールコード落ち方 | C8: 後落ち
B9: 制御盤距離（mm） | C9: 3080
B11: 入力条件
B12: =塔内機器_計算用シート!Y16 -> 入力条件成立
B15: 部品の参照状態
B16: =塔内機器_計算用シート!Y18 -> 参照範囲内（設計妥当性は要照合）
B19: 制御盤距離は従来の出力② B13の入力値です。 黄色が入力欄です。推定部品はDBの確認記録が揃うまで出力しません。階床変更後は未使用の階高を消してください。
B23: =CONCATENATE(塔内機器_計算用シート!AH42," / 2026-09-24 境界条件修正") -> v4 / 2026-09-24 境界条件修正

Sheet 入力表
A1: 復元時の入力データ（計算条件は「帳票基本入力」で設定）
G3: =MID(E12,15,5)
A4: CSV連携項目
A5: No | B5: 項目名 | E5: 値 | F5: No | G5: 項目名 | J5: 値
A6: 0 | B6: 依頼番号 | F6: 16 | G6: ラベル4
A7: 1 | B7: 作番 | F7: 17 | G7: ラベル5
A8: 2 | B8: 帳票シートID | F8: 18 | G8: ラベル6
A9: 3 | B9: リンク先 | E9: =CONCATENATE(E10,E11,"/",E12,"/",E13,"/",E14,"/",E15) -> 新設・改販///_/ | F9: 19 | G9: ラベル7
A10: 4 | B10: テナント情報 | F10: 20 | G10: ラベル8
A11: 5 | B11: フォルダ1 | E11: ="新設・改販" -> 新設・改販 | F11: 21 | G11: 作成日(年/月/日)yy/㎜/dd
A12: 6 | B12: 作番現場名(フォルダ2) | F12: 22 | G12: 件名(作業指示件名)
A13: 7 | B13: フォルダ3用データ | F13: 23 | G13: Ｅ作番
A14: 8 | B14: フォルダ4 | E14: =CONCATENATE(E6,"_",J15) -> _ | F14: 24 | G14: 協力会社コード
A15: 9 | B15: フォルダ5 | E15: =IF(J7<>"",J7,"") | F15: 25 | G15: 協力会社名（正式）
A16: 10 | B16: 項目マスタID | F16: 26 | G16: 協力会社名（短縮）
A17: 11 | B17: 水戸作番(セ番) | F17: 27 | G17: 表紙フラグ
A18: 12 | B18: (水)項番 | F18: 28 | G18: 予備1
A19: 13 | B19: ラベル1 | F19: 29 | G19: 予備2
A20: 14 | B20: ラベル2 | F20: 30 | G20: 予備3
A21: 15 | B21: ラベル3 | F21: 31 | G21: 予備4
A23: GateWay連携項目
A24: No | B24: 項目名 | E24: 値 | F24: No | G24: 項目名 | J24: 値
A25: 審査情報
A26: 32 | B26: 作成日 | F26: 37 | G26: 承認者
A27: 33 | B27: 作成者 | F27: 38 | G27: 予備１
A28: 34 | B28: 審査日 | F28: 39 | G28: 予備２
A29: 35 | B29: 審査者 | F29: 40 | G29: 予備３
A30: 36 | B30: 承認日 | F30: 41 | G30: 予備４
A31: 基本情報
A32: 42 | B32: 現場名 | F32: 54 | G32: 階床名 | J32: 1-7
A33: 43 | B33: 住所 | F33: 55 | G33: 工事工法
A34: 44 | B34: 保全セ＃ | F34: 56 | G34: 作業内容1
A35: 45 | B35: 品名型式 | E35: UAP-13-2S45 | F35: 57 | G35: 作業内容2
A36: 46 | B36: 機種コード | F36: 58 | G36: 作業内容3
A37: 47 | B37: 号機 | F37: 59 | G37: 作業内容4
A38: 48 | B38: 台数 | F38: 60 | G38: 作業内容5
A39: 49 | B39: 停止 | F39: 61 | G39: 予備1
A40: 50 | B40: 不停止 | F40: 62 | G40: 予備2
A41: 51 | B41: 速度 | F41: 63 | G41: 予備3
A42: 52 | B42: 積載量 | F42: 64 | G42: 予備4
A43: 53 | B43: 定員 | F43: 65 | G43: 予備5
A44: 受注情報
A45: 66 | B45: 契約件名 | F45: 77 | G45: 3 | H45: 建築会社 | I45: 担当名
A46: 67 | B46: 契約内訳(本訳) | F46: 78 | G46: 3 | I46: ＴＥＬ
A47: 68 | B47: 契約工期 | F47: 79 | G47: 4 | H47: 特約店
A48: 69 | B48: 別途・組下区分 | F48: 80 | G48: 5 | H48: 管理会社
A49: 70 | B49: 保守営業所名 | F49: 81 | G49: 6 | H49: 管理組合
A50: 71 | B50: 受注経路CD | F50: 82 | G50: 7 | H50: 商社他
A51: 72 | B51: 受注経路 | F51: 83 | G51: 8 | H51: 注文主
A52: 73 | B52: 1 | C52: 需要先 | F52: 84 | G52: 技術者専任要否
A53: 74 | B53: 2 | C53: 設計事務所 | F53: 85 | G53: 予備1
A54: 75 | B54: 3 | C54: 建築会社 | D54: 会社名 | F54: 86 | G54: 予備2
A55: 76 | B55: 3 | D55: 所長名 | F55: 87 | G55: 予備3
A56: 確認申請
A57: 88 | B57: 認可日 | F57: 91 | G57: 予備1
A58: 89 | B58: 認可番号 | F58: 92 | G58: 予備2
A59: 90 | B59: 確認申請担当者 | F59: 93 | G59: 予備3
A60: 工事工程
A61: 94 | B61: 仕決日 | F61: 112 | G61: 完成検査
A62: 95 | B62: 施工検討会 | F62: 113 | G62: 官庁検査 | H62: 予定日
A63: 96 | B63: 製品搬入 | C63: 搬入日 | F63: 114 | G63: 据付合格
A64: 97 | C64: 搬入時間 | F64: 115 | G64: 完成合格
A65: 98 | B65: 撤去開始日 | F65: 116 | G65: 現場管理引継書受付日
A66: 99 | B66: 監視盤切離し | F66: 117 | G66: 工事中保守依頼(伝送日)
A67: 100 | B67: 撤去中断 | C67: 開始日 | F67: 118 | G67: 引継日
A68: 101 | C68: 終了日 | F68: 119 | G68: 引渡納期
A69: 102 | B69: 撤去完了日 | F69: 120 | G69: ＯＨ | H69: 開始日
A70: 103 | B70: 揚重日 | F70: 121 | H70: 終了日
A71: 104 | B71: 着工日 | F71: 122 | G71: 竣工日
A72: 105 | B72: 枠付先行 | C72: 開始日 | F72: 123 | G72: 予備1
A73: 106 | B73: 枠付先行 | C73: 終了日 | F73: 124 | G73: 予備2
A74: 107 | B74: 据付完了(据付検査) | F74: 125 | G74: 予備3
A75: 108 | B75: 工事用使用 | C75: 開始日 | F75: 126 | G75: 予備4
A76: 109 | C76: 終了日 | F76: 127 | G76: 予備5
A77: 110 | B77: 工事中断１ | C77: 開始日 | F77: 128 | G77: 予備6
A78: 111 | C78: 終了日 | F78: 129 | G78: 予備7
A79: 現場情報
A80: 130 | B80: 環境 | C80: 仮設電源有無 | F80: 268 | G80: 協力会社 | H80: 作業員２ | I80: 氏名
A81: 131 | C81: 仮設電源引込み距離 | F81: 269 | I81: コード
A82: 132 | C82: 搬入揚重経路 | F82: 270 | I82: 技能者ID
A83: 133 | B83: 就業規則 | C83: 出勤時間 | F83: 271 | I83: ＴＥＬ
A84: 134 | C84: 朝礼（昼礼・夕礼）時間 | F84: 272 | I84: 経験年数
A85: 135 | C85: 作業終了時間 | F85: 273 | I85: 資格教育
A86: 136 | C86: 残業制限の有無 | F86: 274 | I86: 健康診断実施日
A87: 137 | C87: 全休指定日 | F87: 275 | I87: 氏名(カナ)
A88: 138 | C88: 一斉清掃実施日 | F88: 276 | I88: 雇用年月日
A89: 139 | C89: 定例打合せ時間 | F89: 277 | I89: 生年月日
A90: 140 | B90: 緊急連絡先 | C90: 所轄消防署 | D90: 名称 | F90: 278 | I90: 年齢
A91: 141 | C91: 所轄消防署 | D91: ＴＥＬ | F91: 279 | I91: 現住所
A92: 142 | C92: 所轄警察署 | D92: 名称 | F92: 280 | I92: 家族連絡先
A93: 143 | C93: 所轄警察署 | D93: ＴＥＬ | F93: 281 | I93: 家族連絡先(TEL)
A94: 144 | C94: 緊急病院 | D94: 名称 | F94: 282 | I94: 血液型
A95: 145 | C95: 緊急病院 | D95: ＴＥＬ | F95: 283 | I95: 特殊健康診断日
A96: 146 | C96: 所轄監督署 | D96: 名称 | F96: 284 | I96: 特殊健康診断種類
A97: 147 | C97: 所轄監督署 | D97: ＴＥＬ | F97: 285 | I97: 雇用・職長
A98: 148 | B98: 営業部門 | C98: 会社名 | F98: 286 | I98: 特別教育
A99: 149 | C99: 部署名 | F99: 287 | I99: 技能講習
A100: 150 | C100: ＴＥＬ | F100: 288 | I100: 免許
A101: 151 | C101: 部長 | F101: 289 | H101: 作業員３ | I101: 氏名
A102: 152 | C102: 課長 | F102: 290 | I102: コード
...

Sheet 情報更新画面
D1: 改定日：２０２３年３月１日
E4: 情報更新画面
E11: 手動入力 | AE11: 外部連携は未収録 入力表へ直接入力 | CB11: 入力表へ

Sheet 目次
B2: 目次 | O2: 自動計算ツール
B8: 基準芯出し自動計算ツール | U8: 未収録
B11: 適用機種 ：UA-21G，UA-23T 適用外 ：１．出入口二方向 ２．【UA-21G】巻上機・制御盤嵩上げ仕様 ３．【UA-23T】UAEP形式,4P-CO仕様
B19: トップレール加工要否検討ツール | U19: 未収録
B22: 適用機種 ：UA-21G 適用外 ：１．工場でレール切断がされている場合 ２．下記仕様条件をすべて満たす場合 ①R 9（二方向）, ②定格速度 105m/min,③可変速仕様有り ④行程:30m 以下,⑤ CwtRG:550 ㎜
B32: レール調整プレート自動計算ツール | U32: 未収録
B35: 適用機種 ：UA-23T 適用外 ：レール高さ調整機構"無し"時
B41: レール高さ調整機構無し時の 対応方法選定フロー検討ツール
U42: 未収録
B46: 適用機種 ：UA-23T 適用外 ：レール高さ調整機構"有り"時
B52: 塔内機器取付位置自動計算ツール | U52: ツール画面
B55: 適用機種 ：UA-21G，UA-23T 適用外 ：【UA-21G】巻上機・制御盤嵩上げ仕様 【UA-23T】4P-CO仕様 一部機能適用外
B62: 遮蔽板取付位置自動計算ツール | U62: 未収録
B65: 適用機種 ：UA-23T 適用外 ：無し

Sheet 塔内機器_表紙
B2: 表紙 | O2: 塔内機器取付位置計算ツール
B5: 塔内機器取付位置計算ツール概要 ・塔内機器(ガバナロープ振れ止め、主ロープ振れ止め、テールコード玉返し、フェッシャープレート)の取付位置を検討するツール 適用機種 ：UA-21G，UA-23T 適用外 ：【UA-21G】巻上機・制御盤嵩上げ仕様 【UA-23T】4P-CO仕様 一部機能適用外

Sheet 塔内機器_入力①
B2: 作番の情報を入力 | O2: 塔内機器取付位置計算ツール (1/4)
B6: ①作番 | P6: ②現場名
B12: ③機種コード | P12: ④OP
B14: UA-25TP | P14: 900
B17: =IF(MID(B14,3,1)="E",MID(B14,5,2),MID(B14,4,2)) -> 25 | C17: =MID(B14,6,1) -> T
B18: ⑤全高 ※仮想OH有は、仮想OHまでの寸法記入 | P18: ⑥行程
B20: 24470 | L20: ｍｍ | P20: 20145 | Z20: ｍｍ
B24: ⑦ピット深さ寸法 | P24: ⑧出入口遮煙仕様
B26: 1300 | L26: ｍｍ | P26: 有
B32: ⑨階高寸法
B34: 階 | E34: 階高(mm) | K34: 階 | N34: 階高(mm) | T34: 階 | W34: 階高(mm)
B36: =IF(塔内機器_計算用シート!Z45=0,"",CONCATENATE(塔内機器_計算用シート!Z45)) -> 1 | K36: =IF(塔内機器_計算用シート!Z53=0,"",CONCATENATE(塔内機器_計算用シート!Z53)) | T36: =IF(塔内機器_計算用シート!Z61=0,"",CONCATENATE(塔内機器_計算用シート!Z61))
E38: 3745
B40: =IF(塔内機器_計算用シート!Z46=0,"",CONCATENATE(塔内機器_計算用シート!Z46)) -> 2 | K40: =IF(塔内機器_計算用シート!Z54=0,"",CONCATENATE(塔内機器_計算用シート!Z54)) | T40: =IF(塔内機器_計算用シート!Z62=0,"",CONCATENATE(塔内機器_計算用シート!Z62))
E42: 3300
B44: =IF(塔内機器_計算用シート!Z47=0,"",CONCATENATE(塔内機器_計算用シート!Z47)) -> 3 | K44: =IF(塔内機器_計算用シート!Z55=0,"",CONCATENATE(塔内機器_計算用シート!Z55)) | T44: =IF(塔内機器_計算用シート!Z63=0,"",CONCATENATE(塔内機器_計算用シート!Z63))
E46: 3300
B48: =IF(塔内機器_計算用シート!Z48=0,"",CONCATENATE(塔内機器_計算用シート!Z48)) -> 4 | K48: =IF(塔内機器_計算用シート!Z56=0,"",CONCATENATE(塔内機器_計算用シート!Z56)) | T48: =IF(塔内機器_計算用シート!Z64=0,"",CONCATENATE(塔内機器_計算用シート!Z64))
E50: 3300
B52: =IF(塔内機器_計算用シート!Z49=0,"",CONCATENATE(塔内機器_計算用シート!Z49)) -> 5 | K52: =IF(塔内機器_計算用シート!Z57=0,"",CONCATENATE(塔内機器_計算用シート!Z57)) | T52: =IF(塔内機器_計算用シート!Z65=0,"",CONCATENATE(塔内機器_計算用シート!Z65))
E54: 3250
B56: =IF(塔内機器_計算用シート!Z50=0,"",CONCATENATE(塔内機器_計算用シート!Z50)) -> 6 | K56: =IF(塔内機器_計算用シート!Z58=0,"",CONCATENATE(塔内機器_計算用シート!Z58)) | T56: =IF(塔内機器_計算用シート!Z66=0,"",CONCATENATE(塔内機器_計算用シート!Z66))
E58: 3250
B60: =IF(塔内機器_計算用シート!Z51=0,"",CONCATENATE(塔内機器_計算用シート!Z51)) -> 7 | K60: =IF(塔内機器_計算用シート!Z59=0,"",CONCATENATE(塔内機器_計算用シート!Z59)) | T60: =IF(塔内機器_計算用シート!Z67=0,"",CONCATENATE(塔内機器_計算用シート!Z67))
B64: =IF(塔内機器_計算用シート!Z52=0,"",CONCATENATE(塔内機器_計算用シート!Z52)) | K64: =IF(塔内機器_計算用シート!Z60=0,"",CONCATENATE(塔内機器_計算用シート!Z60)) | T64: =IF(塔内機器_計算用シート!Z68=0,"",CONCATENATE(塔内機器_計算用シート!Z68))
B69: =IF(塔内機器_計算用シート!Y15=1,"",塔内機器_計算用シート!Y16)
B74: =CONCATENATE("v2 ",塔内機器_計算用シート!Y23) -> v2 参照範囲内（設計妥当性は要照合）

Sheet 塔内機器_出力①
B2: 塔内機器取付位置の確認① | O2: 塔内機器取付位置計算ツール (2/4)
B6: Cwtセフティの判定
B9: Cwtセフティ付きか
B11: =帳票基本入力!C7 -> Cwtｾﾌﾃｨ付
B15: ガバナロープ振れ止め員数及び取付位置の確認
B19: =IF($M$19="","","ガバナロープ振れ止め手配員数") -> ガバナロープ振れ止め手配員数 | L19: =IF($M$19="","","：") -> ： | M19: =IF(OR(塔内機器_計算用シート!AH40=0,塔内機器_計算用シート!AH37=0),"",塔内機器_計算用シート!AH37) -> 1 | R19: =IF($M$19="","","ヶ") -> ヶ
B22: =IF(塔内機器_計算用シート!Y15=0,塔内機器_計算用シート!Y16,IF(塔内機器_計算用シート!AH41<>"",塔内機器_計算用シート!AH41,IF(塔内機器_計算用シート!AH37=0,"本現場ではガバナロープ振れ止めの取付は不要","取付位置は参考値。Ｓ造の場合は保護番線の取付も考慮（規定値はマニュアル参照）。"))) -> 取付位置は参考値。Ｓ造の場合は保護番線の取付も考慮（規定値はマニュアル参照）。
B27: =IF(塔内機器_計算用シート!$D$4="","","１つ目は") -> １つ目は | E27: =IF(塔内機器_計算用シート!$D$4="","",VLOOKUP(塔内機器_計算用シート!$D$4,塔内機器_計算用シート!$L$5:$Q$28,6,TRUE)) -> 4 | H27: =IF(塔内機器_計算用シート!$D$4="","","階ＦＬから") -> 階ＦＬから | M27: =IF(塔内機器_計算用シート!$D$4="","",塔内機器_計算用シート!$D$4-VLOOKUP(塔内機器_計算用シート!$D$4,塔内機器_計算用シート!$L$5:$Q$28,1,TRUE)) -> 590 | R27: =IF(塔内機器_計算用シート!$D$4="","","mm") -> mm | T27: =IF(塔内機器_計算用シート!$D$4="","","の位置に取付けること") -> の位置に取付けること
B30: =IF(塔内機器_計算用シート!$D$5="","","２つ目は") | E30: =IF(塔内機器_計算用シート!$D$5="","",VLOOKUP(塔内機器_計算用シート!$D$5,塔内機器_計算用シート!$L$5:$Q$28,6,TRUE)) | H30: =IF(塔内機器_計算用シート!$D$5="","","階ＦＬから") | M30: =IF(塔内機器_計算用シート!$D$5="","",塔内機器_計算用シート!$D$5-VLOOKUP(塔内機器_計算用シート!$D$5,塔内機器_計算用シート!$L$5:$Q$28,1,TRUE)) | R30: =IF(塔内機器_計算用シート!$D$5="","","mm") | T30: =IF(塔内機器_計算用シート!$D$5="","","の位置に取付けること")
B33: =IF(塔内機器_計算用シート!$D$6="","","３つ目は") | E33: =IF(塔内機器_計算用シート!$D$6="","",VLOOKUP(塔内機器_計算用シート!$D$6,塔内機器_計算用シート!$L$5:$Q$28,6,TRUE)) | H33: =IF(塔内機器_計算用シート!$D$6="","","階ＦＬから") | M33: =IF(塔内機器_計算用シート!$D$6="","",塔内機器_計算用シート!$D$6-VLOOKUP(塔内機器_計算用シート!$D$6,塔内機器_計算用シート!$L$5:$Q$28,1,TRUE)) | R33: =IF(塔内機器_計算用シート!$D$6="","","mm") | T33: =IF(塔内機器_計算用シート!$D$6="","","の位置に取付けること")
B36: =IF(塔内機器_計算用シート!$D$7="","","４つ目は") | E36: =IF(塔内機器_計算用シート!$D$7="","",VLOOKUP(塔内機器_計算用シート!$D$7,塔内機器_計算用シート!$L$5:$Q$28,6,TRUE)) | H36: =IF(塔内機器_計算用シート!$D$7="","","階ＦＬから") | M36: =IF(塔内機器_計算用シート!$D$7="","",塔内機器_計算用シート!$D$7-VLOOKUP(塔内機器_計算用シート!$D$7,塔内機器_計算用シート!$L$5:$Q$28,1,TRUE)) | R36: =IF(塔内機器_計算用シート!$D$7="","","mm") | T36: =IF(塔内機器_計算用シート!$D$7="","","の位置に取付けること")
B39: =IF(塔内機器_計算用シート!$D$8="","","５つ目は") | E39: =IF(塔内機器_計算用シート!$D$8="","",VLOOKUP(塔内機器_計算用シート!$D$8,塔内機器_計算用シート!$L$5:$Q$28,6,TRUE)) | H39: =IF(塔内機器_計算用シート!$D$8="","","階ＦＬから") | M39: =IF(塔内機器_計算用シート!$D$8="","",塔内機器_計算用シート!$D$8-VLOOKUP(塔内機器_計算用シート!$D$8,塔内機器_計算用シート!$L$5:$Q$28,1,TRUE)) | R39: =IF(塔内機器_計算用シート!$D$8="","","mm") | T39: =IF(塔内機器_計算用シート!$D$8="","","の位置に取付けること")
B42: =IF(塔内機器_計算用シート!$D$9="","","６つ目は") | E42: =IF(塔内機器_計算用シート!$D$9="","",VLOOKUP(塔内機器_計算用シート!$D$9,塔内機器_計算用シート!$L$5:$Q$28,6,TRUE)) | H42: =IF(塔内機器_計算用シート!$D$9="","","階ＦＬから") | M42: =IF(塔内機器_計算用シート!$D$9="","",塔内機器_計算用シート!$D$9-VLOOKUP(塔内機器_計算用シート!$D$9,塔内機器_計算用シート!$L$5:$Q$28,1,TRUE)) | R42: =IF(塔内機器_計算用シート!$D$9="","","mm") | T42: =IF(塔内機器_計算用シート!$D$9="","","の位置に取付けること")
B89: =CONCATENATE(塔内機器_計算用シート!AH42," ",IF(塔内機器_計算用シート!AH41<>"",塔内機器_計算用シート!AH41,塔内機器_計算用シート!Y23)) -> v4 参照範囲内（設計妥当性は要照合）

Sheet 塔内機器_出力②
B2: 塔内機器取付位置の確認② | O2: 塔内機器取付位置計算ツール (3/4)
B8: 制御盤位置の確認
B11: 最上階FLから制御盤下端までの距離
B13: =IF(帳票基本入力!C9="","",帳票基本入力!C9) -> 3080 | L13: ｍｍ
Z16: =IF(塔内機器_計算用シート!Y39=0,"",塔内機器_計算用シート!Y37) -> 3
B17: テールコードブラケットの員数及び取付位置の確認
B20: =IF(塔内機器_計算用シート!Y39=0,"","テールコードタイプ") -> テールコードタイプ | T20: =IF(塔内機器_計算用シート!Y39=0,"","：") -> ： | U20: =IF(塔内機器_計算用シート!Y39=0,"",塔内機器_計算用シート!Y38) -> Lタイプ
B23: =IF(塔内機器_計算用シート!Y39=0,"","[ 1 ]") -> [ 1 ] | D23: =IF(塔内機器_計算用シート!Y39=0,"","ケーブルサポートブラ手配員数") -> ケーブルサポートブラ手配員数 | T23: =IF(塔内機器_計算用シート!Y39=0,"","：") -> ： | U23: =IF(塔内機器_計算用シート!Y39=0,"",塔内機器_計算用シート!Y25) -> 2 | Z23: =IF(塔内機器_計算用シート!Y39=0,"","ヶ") -> ヶ
B26: =IF(塔内機器_計算用シート!Y39=0,"","[ 2 ]") -> [ 2 ] | D26: =IF(塔内機器_計算用シート!Y39=0,"","テールコードサポートブラ手配員数") -> テールコードサポートブラ手配員数 | T26: =IF(塔内機器_計算用シート!Y39=0,"","：") -> ： | U26: =IF(塔内機器_計算用シート!Y39=0,"",塔内機器_計算用シート!Y36) -> 1 | Z26: =IF(塔内機器_計算用シート!Y39=0,"","ヶ") -> ヶ
B28: =IF(塔内機器_計算用シート!Y39=0,"",IF(B26="","","※テールコード2､3本時は1箇所当たり2ケ/セット取付のため注意")) -> ※テールコード2､3本時は1箇所当たり2ケ/セット取付のため注意
B30: =IF(L30="","","1つ目は") -> 1つ目は | E30: =IF(塔内機器_計算用シート!D31="","",VLOOKUP(塔内機器_計算用シート!D31,塔内機器_計算用シート!$I$5:$Q$28,9,TRUE)) -> 4 | H30: =IF(L30="","","階FLから") -> 階FLから | L30: =IF(塔内機器_計算用シート!D31="","",塔内機器_計算用シート!D31-VLOOKUP(塔内機器_計算用シート!D31,塔内機器_計算用シート!$I$5:$Q$28,1,TRUE)) -> 227.5 | Q30: =IF(L30="","","ｍｍ") -> ｍｍ | S30: =IF(L30="","","の位置に") -> の位置に | V30: =IF(L30="","",IF(塔内機器_計算用シート!Y36=2,"[ 2 ]","[ 1 ]")) -> [ 1 ] | Y30: =IF(L30="","","を取付け") -> を取付け
I33: =IF(M33="","","ピッチは") -> ピッチは | M33: =IF(塔内機器_計算用シート!D32="","",塔内機器_計算用シート!D32-塔内機器_計算用シート!D31) -> 5399 | S33: =IF(M33="","","ｍｍ") -> ｍｍ
B35: =IF(L35="","","2つ目は") -> 2つ目は | E35: =IF(塔内機器_計算用シート!D32="","",VLOOKUP(塔内機器_計算用シート!D32,塔内機器_計算用シート!$I$5:$Q$28,9,TRUE)) -> 5 | H35: =IF(L35="","","階FLから") -> 階FLから | L35: =IF(塔内機器_計算用シート!D32="","",塔内機器_計算用シート!D32-VLOOKUP(塔内機器_計算用シート!D32,塔内機器_計算用シート!$I$5:$Q$28,1,TRUE)) -> 2326.5 | Q35: =IF(L35="","","ｍｍ") -> ｍｍ | S35: =IF(L35="","","の位置に") -> の位置に | V35: =IF(L35="","",IF(塔内機器_計算用シート!Y37=2,"[ 2 ]","[ 1 ]")) -> [ 1 ] | Y35: =IF(L35="","","を取付け") -> を取付け
I38: =IF(M38="","","ピッチは") -> ピッチは | M38: =IF(塔内機器_計算用シート!D33="","",塔内機器_計算用シート!D33-塔内機器_計算用シート!D32) -> 5398.5 | S38: =IF(M38="","","ｍｍ") -> ｍｍ
B40: =IF(L40="","","3つ目は") -> 3つ目は | E40: =IF(塔内機器_計算用シート!D33="","",VLOOKUP(塔内機器_計算用シート!D33,塔内機器_計算用シート!$I$5:$Q$28,9,TRUE)) -> 7 | H40: =IF(L40="","","階FLから") -> 階FLから | L40: =IF(塔内機器_計算用シート!D33="","",塔内機器_計算用シート!D33-VLOOKUP(塔内機器_計算用シート!D33,塔内機器_計算用シート!$I$5:$Q$28,1,TRUE)) -> 1225 | Q40: =IF(L40="","","ｍｍ") -> ｍｍ | S40: =IF(L40="","","の位置に") -> の位置に | V40: =IF(L40="","",IF(塔内機器_計算用シート!Y37=3,"[ 2 ]","[ 1 ]")) -> [ 2 ] | Y40: =IF(L40="","","を取付け") -> を取付け
M43: =IF(塔内機器_計算用シート!D34="","",塔内機器_計算用シート!D34-塔内機器_計算用シート!D33) | S43: =IF(M43="","","ｍｍ")
B45: =IF(L45="","","4つ目は") | E45: =IF(塔内機器_計算用シート!D34="","",VLOOKUP(塔内機器_計算用シート!D34,塔内機器_計算用シート!$I$5:$Q$28,9,TRUE)) | H45: =IF(L45="","","階FLから") | L45: =IF(塔内機器_計算用シート!D34="","",塔内機器_計算用シート!D34-VLOOKUP(塔内機器_計算用シート!D34,塔内機器_計算用シート!$I$5:$Q$28,1,TRUE)) | Q45: =IF(L45="","","ｍｍ") | S45: =IF(L45="","","の位置に") | V45: =IF(L45="","",IF(塔内機器_計算用シート!Y37=4,"[ 2 ]","[ 1 ]")) | Y45: =IF(L45="","","を取付け")
I48: =IF(M48="","","ピッチは") | M48: =IF(塔内機器_計算用シート!D35="","",塔内機器_計算用シート!D35-塔内機器_計算用シート!D34) | S48: =IF(M48="","","ｍｍ")
B50: =IF(L50="","","5つ目は") | E50: =IF(塔内機器_計算用シート!D35="","",VLOOKUP(塔内機器_計算用シート!D35,塔内機器_計算用シート!$I$5:$Q$28,9,TRUE)) | H50: =IF(L50="","","階FLから") | L50: =IF(塔内機器_計算用シート!D35="","",塔内機器_計算用シート!D35-VLOOKUP(塔内機器_計算用シート!D35,塔内機器_計算用シート!$I$5:$Q$28,1,TRUE)) | Q50: =IF(L50="","","ｍｍ") | S50: =IF(L50="","","の位置に") | V50: =IF(L50="","",IF(塔内機器_計算用シート!Y37=5,"[ 2 ]","[ 1 ]")) | Y50: =IF(L50="","","を取付け")
I53: =IF(M53="","","ピッチは") | M53: =IF(塔内機器_計算用シート!D36="","",塔内機器_計算用シート!D36-塔内機器_計算用シート!D35) | S53: =IF(M53="","","ｍｍ")
B55: =IF(L55="","","6つ目は") | E55: =IF(塔内機器_計算用シート!D36="","",VLOOKUP(塔内機器_計算用シート!D36,塔内機器_計算用シート!$I$5:$Q$28,9,TRUE)) | H55: =IF(L55="","","階FLから") | L55: =IF(塔内機器_計算用シート!D36="","",塔内機器_計算用シート!D36-VLOOKUP(塔内機器_計算用シート!D36,塔内機器_計算用シート!$I$5:$Q$28,1,TRUE)) | Q55: =IF(L55="","","ｍｍ") | S55: =IF(L55="","","の位置に") | V55: =IF(L55="","",IF(塔内機器_計算用シート!Y37=6,"[ 2 ]","[ 1 ]")) | Y55: =IF(L55="","","を取付け")
I58: =IF(M58="","","ピッチは") | M58: =IF(塔内機器_計算用シート!D37="","",塔内機器_計算用シート!D37-塔内機器_計算用シート!D36) | S58: =IF(M58="","","ｍｍ")
B60: =IF(L60="","","7つ目は") | E60: =IF(塔内機器_計算用シート!D37="","",VLOOKUP(塔内機器_計算用シート!D37,塔内機器_計算用シート!$I$5:$Q$28,9,TRUE)) | H60: =IF(L60="","","階FLから") | L60: =IF(塔内機器_計算用シート!D37="","",塔内機器_計算用シート!D37-VLOOKUP(塔内機器_計算用シート!D37,塔内機器_計算用シート!$I$5:$Q$28,1,TRUE)) | Q60: =IF(L60="","","ｍｍ") | S60: =IF(L60="","","の位置に") | V60: =IF(L60="","",IF(塔内機器_計算用シート!Y37=7,"[ 2 ]","[ 1 ]")) | Y60: =IF(L60="","","を取付け")
I63: =IF(M63="","","ピッチは") | M63: =IF(塔内機器_計算用シート!D38="","",塔内機器_計算用シート!D38-塔内機器_計算用シート!D37) | S63: =IF(M63="","","ｍｍ")
B65: =IF(L65="","","8つ目は") | E65: =IF(塔内機器_計算用シート!D38="","",VLOOKUP(塔内機器_計算用シート!D38,塔内機器_計算用シート!$I$5:$Q$28,9,TRUE)) | H65: =IF(L65="","","階FLから") | L65: =IF(塔内機器_計算用シート!D38="","",塔内機器_計算用シート!D38-VLOOKUP(塔内機器_計算用シート!D38,塔内機器_計算用シート!$I$5:$Q$28,1,TRUE)) | Q65: =IF(L65="","","ｍｍ") | S65: =IF(L65="","","の位置に") | V65: =IF(L65="","",IF(塔内機器_計算用シート!Y37=8,"[ 2 ]","[ 1 ]")) | Y65: =IF(L65="","","を取付け")
I68: =IF(M68="","","ピッチは") | M68: =IF(塔内機器_計算用シート!D39="","",塔内機器_計算用シート!D39-塔内機器_計算用シート!D38) | S68: =IF(M68="","","ｍｍ")
B70: =IF(L70="","","9つ目は") | E70: =IF(塔内機器_計算用シート!D39="","",VLOOKUP(塔内機器_計算用シート!D39,塔内機器_計算用シート!$I$5:$Q$28,9,TRUE)) | H70: =IF(L70="","","階FLから") | L70: =IF(塔内機器_計算用シート!D39="","",塔内機器_計算用シート!D39-VLOOKUP(塔内機器_計算用シート!D39,塔内機器_計算用シート!$I$5:$Q$28,1,TRUE)) | Q70: =IF(L70="","","ｍｍ") | S70: =IF(L70="","","の位置に") | V70: =IF(L70="","",IF(塔内機器_計算用シート!Y37=9,"[ 2 ]","[ 1 ]")) | Y70: =IF(L70="","","を取付け")
B75: =CONCATENATE(塔内機器_計算用シート!AH42," ",IF(塔内機器_計算用シート!AH36<>"",塔内機器_計算用シート!AH36,塔内機器_計算用シート!Y23)) -> v4 参照範囲内（設計妥当性は要照合）

Sheet 塔内機器_出力③
B2: 塔内機器取付位置の確認③ | O2: 塔内機器取付位置計算ツール (4/4)
B6: 各階フェッシャープレートの組合せを確認
J11: フェッシャー高さ（mm）【員数】
A14: 1 | B14: =IF(塔内機器_計算用シート!Y22=0,"",IF(塔内機器_入力①!$E$38<>"",塔内機器_入力①!$B36,"")) -> 1 | D14: ～ | E14: =IF(塔内機器_計算用シート!Y22=0,"",IF(塔内機器_入力①!$E$38<>"",塔内機器_入力①!$B40,"")) -> 2 | G14: 階 | I14: ： | J14: =IF(塔内機器_計算用シート!Y22=0,"",IF(1>MAX(塔内機器_計算用シート!$E$45:$E$68)-1,"",IFERROR(VLOOKUP(1,塔内機器_計算用シート!$E$45:$K$68,7,FALSE),""))) -> 420【1】+800【1】
A15: 2
A16: 3 | B16: =IF(塔内機器_計算用シート!Y22=0,"",IF(塔内機器_入力①!$E$42<>"",塔内機器_入力①!$B40,"")) -> 2 | D16: ～ | E16: =IF(塔内機器_計算用シート!Y22=0,"",IF(塔内機器_入力①!$E$42<>"",塔内機器_入力①!$B44,"")) -> 3 | G16: 階 | I16: ： | J16: =IF(塔内機器_計算用シート!Y22=0,"",IF(2>MAX(塔内機器_計算用シート!$E$45:$E$68)-1,"",IFERROR(VLOOKUP(2,塔内機器_計算用シート!$E$45:$K$68,7,FALSE),""))) -> 820【1】
A17: 4
A18: 5 | B18: =IF(塔内機器_計算用シート!Y22=0,"",IF(塔内機器_入力①!$E$46<>"",塔内機器_入力①!$B44,"")) -> 3 | D18: ～ | E18: =IF(塔内機器_計算用シート!Y22=0,"",IF(塔内機器_入力①!$E$46<>"",塔内機器_入力①!$B48,"")) -> 4 | G18: 階 | I18: ： | J18: =IF(塔内機器_計算用シート!Y22=0,"",IF(3>MAX(塔内機器_計算用シート!$E$45:$E$68)-1,"",IFERROR(VLOOKUP(3,塔内機器_計算用シート!$E$45:$K$68,7,FALSE),""))) -> 820【1】
A19: 6
A20: 7 | B20: =IF(塔内機器_計算用シート!Y22=0,"",IF(塔内機器_入力①!$E$50<>"",塔内機器_入力①!$B48,"")) -> 4 | D20: ～ | E20: =IF(塔内機器_計算用シート!Y22=0,"",IF(塔内機器_入力①!$E$50<>"",塔内機器_入力①!$B52,"")) -> 5 | G20: 階 | I20: ： | J20: =IF(塔内機器_計算用シート!Y22=0,"",IF(4>MAX(塔内機器_計算用シート!$E$45:$E$68)-1,"",IFERROR(VLOOKUP(4,塔内機器_計算用シート!$E$45:$K$68,7,FALSE),""))) -> 820【1】
A21: 8
A22: 9 | B22: =IF(塔内機器_入力①!$E$54<>"",塔内機器_入力①!$B52,"") -> 5 | D22: ～ | E22: =IF(塔内機器_計算用シート!Y22=0,"",IF(塔内機器_入力①!$E$54<>"",塔内機器_入力①!$B56,"")) -> 6 | G22: 階 | I22: ： | J22: =IF(塔内機器_計算用シート!Y22=0,"",IF(5>MAX(塔内機器_計算用シート!$E$45:$E$68)-1,"",IFERROR(VLOOKUP(5,塔内機器_計算用シート!$E$45:$K$68,7,FALSE),""))) -> 720【1】
A23: 10
A24: 11 | B24: =IF(塔内機器_計算用シート!Y22=0,"",IF(塔内機器_入力①!$E$58<>"",塔内機器_入力①!$B56,"")) -> 6 | D24: ～ | E24: =IF(塔内機器_計算用シート!Y22=0,"",IF(塔内機器_入力①!$E$58<>"",塔内機器_入力①!$B60,"")) -> 7 | G24: 階 | I24: ： | J24: =IF(塔内機器_計算用シート!Y22=0,"",IF(6>MAX(塔内機器_計算用シート!$E$45:$E$68)-1,"",IFERROR(VLOOKUP(6,塔内機器_計算用シート!$E$45:$K$68,7,FALSE),""))) -> 720【1】
A25: 12
A26: 13 | B26: =IF(塔内機器_計算用シート!Y22=0,"",IF(塔内機器_入力①!$E$62<>"",塔内機器_入力①!$B60,"")) | D26: ～ | E26: =IF(塔内機器_計算用シート!Y22=0,"",IF(塔内機器_入力①!$E$62<>"",塔内機器_入力①!$B64,"")) | G26: 階 | I26: ： | J26: =IF(塔内機器_計算用シート!Y22=0,"",IF(7>MAX(塔内機器_計算用シート!$E$45:$E$68)-1,"",IFERROR(VLOOKUP(7,塔内機器_計算用シート!$E$45:$K$68,7,FALSE),"")))
A27: 14
A28: 15 | B28: =IF(塔内機器_計算用シート!Y22=0,"",IF(塔内機器_入力①!$E$66<>"",塔内機器_入力①!$B64,"")) | D28: ～ | E28: =IF(塔内機器_計算用シート!Y22=0,"",IF(塔内機器_入力①!$E$66<>"",塔内機器_入力①!$K36,"")) | G28: 階 | I28: ： | J28: =IF(塔内機器_計算用シート!Y22=0,"",IF(8>MAX(塔内機器_計算用シート!$E$45:$E$68)-1,"",IFERROR(VLOOKUP(8,塔内機器_計算用シート!$E$45:$K$68,7,FALSE),"")))
A29: 16
A30: 17 | B30: =IF(塔内機器_計算用シート!Y22=0,"",IF(塔内機器_入力①!$N$38<>"",塔内機器_入力①!$K36,"")) | D30: ～ | E30: =IF(塔内機器_計算用シート!Y22=0,"",IF(塔内機器_入力①!$N$38<>"",塔内機器_入力①!$K40,"")) | G30: 階 | I30: ： | J30: =IF(塔内機器_計算用シート!Y22=0,"",IF(9>MAX(塔内機器_計算用シート!$E$45:$E$68)-1,"",IFERROR(VLOOKUP(9,塔内機器_計算用シート!$E$45:$K$68,7,FALSE),"")))
A31: 18
A32: 19 | B32: =IF(塔内機器_計算用シート!Y22=0,"",IF(塔内機器_入力①!$N$42<>"",塔内機器_入力①!$K40,"")) | D32: ～ | E32: =IF(塔内機器_計算用シート!Y22=0,"",IF(塔内機器_入力①!$N$42<>"",塔内機器_入力①!$K44,"")) | G32: 階 | I32: ： | J32: =IF(塔内機器_計算用シート!Y22=0,"",IF(10>MAX(塔内機器_計算用シート!$E$45:$E$68)-1,"",IFERROR(VLOOKUP(10,塔内機器_計算用シート!$E$45:$K$68,7,FALSE),"")))
A33: 20
A34: 21 | B34: =IF(塔内機器_計算用シート!Y22=0,"",IF(塔内機器_入力①!$N$46<>"",塔内機器_入力①!$K44,"")) | D34: ～ | E34: =IF(塔内機器_計算用シート!Y22=0,"",IF(塔内機器_入力①!$N$46<>"",塔内機器_入力①!$K48,"")) | G34: 階 | I34: ： | J34: =IF(塔内機器_計算用シート!Y22=0,"",IF(11>MAX(塔内機器_計算用シート!$E$45:$E$68)-1,"",IFERROR(VLOOKUP(11,塔内機器_計算用シート!$E$45:$K$68,7,FALSE),"")))
A35: 22
A36: 23 | B36: =IF(塔内機器_計算用シート!Y22=0,"",IF(塔内機器_入力①!$N$50<>"",塔内機器_入力①!$K48,"")) | D36: ～ | E36: =IF(塔内機器_計算用シート!Y22=0,"",IF(塔内機器_入力①!$N$50<>"",塔内機器_入力①!$K52,"")) | G36: 階 | I36: ： | J36: =IF(塔内機器_計算用シート!Y22=0,"",IF(12>MAX(塔内機器_計算用シート!$E$45:$E$68)-1,"",IFERROR(VLOOKUP(12,塔内機器_計算用シート!$E$45:$K$68,7,FALSE),"")))
B38: =IF(塔内機器_計算用シート!Y22=0,"",IF(塔内機器_入力①!$N$54<>"",塔内機器_入力①!$K52,"")) | D38: ～ | E38: =IF(塔内機器_計算用シート!Y22=0,"",IF(塔内機器_入力①!$N$54<>"",塔内機器_入力①!$K56,"")) | G38: 階 | I38: ： | J38: =IF(塔内機器_計算用シート!Y22=0,"",IF(13>MAX(塔内機器_計算用シート!$E$45:$E$68)-1,"",IFERROR(VLOOKUP(13,塔内機器_計算用シート!$E$45:$K$68,7,FALSE),"")))
B40: =IF(塔内機器_計算用シート!Y22=0,"",IF(塔内機器_入力①!$N$58<>"",塔内機器_入力①!$K56,"")) | D40: ～ | E40: =IF(塔内機器_計算用シート!Y22=0,"",IF(塔内機器_入力①!$N$58<>"",塔内機器_入力①!$K60,"")) | G40: 階 | I40: ： | J40: =IF(塔内機器_計算用シート!Y22=0,"",IF(14>MAX(塔内機器_計算用シート!$E$45:$E$68)-1,"",IFERROR(VLOOKUP(14,塔内機器_計算用シート!$E$45:$K$68,7,FALSE),"")))
B42: =IF(塔内機器_計算用シート!Y22=0,"",IF(塔内機器_入力①!$N$62<>"",塔内機器_入力①!$K60,"")) | D42: ～ | E42: =IF(塔内機器_計算用シート!Y22=0,"",IF(塔内機器_入力①!$N$62<>"",塔内機器_入力①!$K64,"")) | G42: 階 | I42: ： | J42: =IF(塔内機器_計算用シート!Y22=0,"",IF(15>MAX(塔内機器_計算用シート!$E$45:$E$68)-1,"",IFERROR(VLOOKUP(15,塔内機器_計算用シート!$E$45:$K$68,7,FALSE),"")))
B44: =IF(塔内機器_計算用シート!Y22=0,"",IF(塔内機器_入力①!$N$66<>"",塔内機器_入力①!$K64,"")) | D44: ～ | E44: =IF(塔内機器_計算用シート!Y22=0,"",IF(塔内機器_入力①!$N$66<>"",塔内機器_入力①!$T36,"")) | G44: 階 | I44: ： | J44: =IF(塔内機器_計算用シート!Y22=0,"",IF(16>MAX(塔内機器_計算用シート!$E$45:$E$68)-1,"",IFERROR(VLOOKUP(16,塔内機器_計算用シート!$E$45:$K$68,7,FALSE),"")))
B46: =IF(塔内機器_計算用シート!Y22=0,"",IF(塔内機器_入力①!$W$38<>"",塔内機器_入力①!$T36,"")) | D46: ～ | E46: =IF(塔内機器_計算用シート!Y22=0,"",IF(塔内機器_入力①!$W$38<>"",塔内機器_入力①!$T40,"")) | G46: 階 | I46: ： | J46: =IF(塔内機器_計算用シート!Y22=0,"",IF(17>MAX(塔内機器_計算用シート!$E$45:$E$68)-1,"",IFERROR(VLOOKUP(17,塔内機器_計算用シート!$E$45:$K$68,7,FALSE),"")))
B48: =IF(塔内機器_計算用シート!Y22=0,"",IF(塔内機器_入力①!$W$42<>"",塔内機器_入力①!$T40,"")) | D48: ～ | E48: =IF(塔内機器_計算用シート!Y22=0,"",IF(塔内機器_入力①!$W$42<>"",塔内機器_入力①!$T44,"")) | G48: 階 | I48: ： | J48: =IF(塔内機器_計算用シート!Y22=0,"",IF(18>MAX(塔内機器_計算用シート!$E$45:$E$68)-1,"",IFERROR(VLOOKUP(18,塔内機器_計算用シート!$E$45:$K$68,7,FALSE),"")))
B50: =IF(塔内機器_計算用シート!Y22=0,"",IF(塔内機器_入力①!$W$46<>"",塔内機器_入力①!$T44,"")) | D50: ～ | E50: =IF(塔内機器_計算用シート!Y22=0,"",IF(塔内機器_入力①!$W$46<>"",塔内機器_入力①!$T48,"")) | G50: 階 | I50: ： | J50: =IF(塔内機器_計算用シート!Y22=0,"",IF(19>MAX(塔内機器_計算用シート!$E$45:$E$68)-1,"",IFERROR(VLOOKUP(19,塔内機器_計算用シート!$E$45:$K$68,7,FALSE),"")))
B52: =IF(塔内機器_計算用シート!Y22=0,"",IF(塔内機器_入力①!$W$50<>"",塔内機器_入力①!$T48,"")) | D52: ～ | E52: =IF(塔内機器_計算用シート!Y22=0,"",IF(塔内機器_入力①!$W$50<>"",塔内機器_入力①!$T52,"")) | G52: 階 | I52: ： | J52: =IF(塔内機器_計算用シート!Y22=0,"",IF(20>MAX(塔内機器_計算用シート!$E$45:$E$68)-1,"",IFERROR(VLOOKUP(20,塔内機器_計算用シート!$E$45:$K$68,7,FALSE),"")))
B54: =IF(塔内機器_計算用シート!Y22=0,"",IF(塔内機器_入力①!$W$54<>"",塔内機器_入力①!$T52,"")) | D54: ～ | E54: =IF(塔内機器_計算用シート!Y22=0,"",IF(塔内機器_入力①!$W$54<>"",塔内機器_入力①!$T56,"")) | G54: 階 | I54: ： | J54: =IF(塔内機器_計算用シート!Y22=0,"",IF(21>MAX(塔内機器_計算用シート!$E$45:$E$68)-1,"",IFERROR(VLOOKUP(21,塔内機器_計算用シート!$E$45:$K$68,7,FALSE),"")))
B56: =IF(塔内機器_計算用シート!Y22=0,"",IF(塔内機器_入力①!$W$58<>"",塔内機器_入力①!$T56,"")) | D56: ～ | E56: =IF(塔内機器_計算用シート!Y22=0,"",IF(塔内機器_入力①!$W$58<>"",塔内機器_入力①!$T60,"")) | G56: 階 | I56: ： | J56: =IF(塔内機器_計算用シート!Y22=0,"",IF(22>MAX(塔内機器_計算用シート!$E$45:$E$68)-1,"",IFERROR(VLOOKUP(22,塔内機器_計算用シート!$E$45:$K$68,7,FALSE),"")))
B58: =IF(塔内機器_計算用シート!Y22=0,"",IF(塔内機器_入力①!$W$62<>"",塔内機器_入力①!$T60,"")) | D58: ～ | E58: =IF(塔内機器_計算用シート!Y22=0,"",IF(塔内機器_入力①!$W$62<>"",塔内機器_入力①!$T64,"")) | G58: 階 | I58: ： | J58: =IF(塔内機器_計算用シート!Y22=0,"",IF(23>MAX(塔内機器_計算用シート!$E$45:$E$68)-1,"",IFERROR(VLOOKUP(23,塔内機器_計算用シート!$E$45:$K$68,7,FALSE),"")))
K70: 目次へ戻る
B75: =CONCATENATE(塔内機器_計算用シート!AH42," ",塔内機器_計算用シート!Y23) -> v4 参照範囲内（設計妥当性は要照合）

Sheet 塔内機器_計算用シート
B2: ■ガバナロープ振れ止め取付高さ | H2: ■各階高さ | R2: ■フィッシャープレート組合せ
I3: 検索用階高累計 | L3: 検索用累計＋ピット | R3: 仕様（型式+OP+遮煙）
B4: 1 | C4: つ目 | D4: =IF($AH$40=0,"",IF(B4>$AH$37,"",(塔内機器_入力①!B20/($AH$37+1))*B4)) -> 12235 | E4: ㎜ | H4: № | I4: 各階高さ(mm) | O4: 階 | R4: =CONCATENATE(塔内機器_入力①!B14,塔内機器_入力①!P14,塔内機器_入力①!P26) -> UA-25TP900有 | X4: 階床キー一致件数 | Y4: =IF(帳票基本入力!C5="",0,COUNTIF(塔内機器_入力①_DB!$C$2:$C$937,帳票基本入力!C5)) -> 1
B5: 2 | C5: つ目 | D5: =IF($AH$40=0,"",IF(B5>$AH$37,"",(塔内機器_入力①!B20/($AH$37+1))*B5)) | E5: ㎜ | H5: 1 | I5: 0 | L5: =IF(Y7=1,塔内機器_入力①!B26,0) -> 1300 | O5: ピット | P5: ～ | Q5: =塔内機器_入力①!B36 -> 1 | X5: 有効な階床数 | Y5: =SUM(AD45:AD68) -> 7
B6: 3 | C6: つ目 | D6: =IF($AH$40=0,"",IF(B6>$AH$37,"",(塔内機器_入力①!B20/($AH$37+1))*B6)) | E6: ㎜ | H6: 2 | I6: =IF(Q6="",1000000+H6,SUM($C$45:C45)) -> 3745 | L6: =IF(Q6="",1000000+H6,I6+$L$5) -> 5045 | O6: =Q5 -> 1 | P6: ～ | Q6: =塔内機器_入力①!B40 -> 2 | R6: ■中間振れ止め/テールコードサポート仕様 | X6: 機種グループ | Y6: =IFERROR(VLOOKUP(R4,塔内機器_出力②_DB!$M$4:$N$23,2,FALSE),0) -> 104
B7: 4 | C7: つ目 | D7: =IF($AH$40=0,"",IF(B7>$AH$37,"",(塔内機器_入力①!B20/($AH$37+1))*B7)) | E7: ㎜ | H7: 3 | I7: =IF(Q7="",1000000+H7,SUM($C$45:C46)) -> 7045 | L7: =IF(Q7="",1000000+H7,I7+$L$5) -> 8345 | O7: =Q6 -> 2 | P7: ～ | Q7: =塔内機器_入力①!B44 -> 3 | R7: =帳票基本入力!C8 -> 後落ち | X7: 主要寸法の入力 | Y7: =IF(AND(IFERROR(IF(AND(COUNT(塔内機器_入力①!B20)=1,塔内機器_入力①!B20>0,塔内機器_入力①!B20<=$Y$20,塔内機器_入力①!B20=ROUNDDOWN(塔内機器_入力①!B20,0)),1,0),0)=1,IFERROR(IF(AND(COUNT(塔内機器_入力①!P20)=1,塔内機器_入力①!P20>0,塔内機器_入力①!P20<=$Y$20,塔内機器_入力①!P20=ROUNDDOWN(塔内機器_入力①!P20,0)),1,0),0)=1,IFERROR(IF(AND(COUNT(塔内機器_入力①!B26)=1,塔内機器_入力①!B26>=0,塔内機器_入力①!B26<=$Y$20,塔内機器_入力①!B26=ROUNDDOWN(塔内機器_入力①!B26,0)),1,0),0)=1),1,0) -> 1
B8: 5 | C8: つ目 | D8: =IF($AH$40=0,"",IF(B8>$AH$37,"",(塔内機器_入力①!B20/($AH$37+1))*B8)) | E8: ㎜ | H8: 4 | I8: =IF(Q8="",1000000+H8,SUM($C$45:C47)) -> 10345 | L8: =IF(Q8="",1000000+H8,I8+$L$5) -> 11645 | O8: =Q7 -> 3 | P8: ～ | Q8: =塔内機器_入力①!B48 -> 4 | R8: =IF(AND(R7="後落ち",U32="〇"),1,IF(AND(R7="後落ち",U33="〇"),2,IF(AND(R7="後落ち",OR(U34="〇",U35="〇",U36="〇")),3,""))) -> 3 | X8: 階高入力の不備件数 | Y8: =SUM(AA45:AA68) -> 0
B9: 6 | C9: つ目 | D9: =IF($AH$40=0,"",IF(B9>$AH$37,"",(塔内機器_入力①!B20/($AH$37+1))*B9)) | E9: ㎜ | H9: 5 | I9: =IF(Q9="",1000000+H9,SUM($C$45:C48)) -> 13645 | L9: =IF(Q9="",1000000+H9,I9+$L$5) -> 14945 | O9: =Q8 -> 4 | P9: ～ | Q9: =塔内機器_入力①!B52 -> 5 | R9: =IF(R8="","",IF(R8=1,"P-6",IF(R8=2,"P-9","P-11～P-15"))) -> P-11～P-15 | X9: 未使用欄の残値件数 | Y9: =SUM(AB45:AB68) -> 0
H10: 6 | I10: =IF(Q10="",1000000+H10,SUM($C$45:C49)) -> 16895 | L10: =IF(Q10="",1000000+H10,I10+$L$5) -> 18195 | O10: =Q9 -> 5 | P10: ～ | Q10: =塔内機器_入力①!B56 -> 6 | X10: 行程と階高合計の一致 | Y10: =IFERROR(IF(塔内機器_入力①!P20=Y12,1,0),0) -> 1
H11: 7 | I11: =IF(Q11="",1000000+H11,SUM($C$45:C50)) -> 20145 | L11: =IF(Q11="",1000000+H11,I11+$L$5) -> 21445 | O11: =Q10 -> 6 | P11: ～ | Q11: =塔内機器_入力①!B60 -> 7 | X11: 全高・行程・ピットの整合 | Y11: =IFERROR(IF(塔内機器_入力①!B20>塔内機器_入力①!P20+塔内機器_入力①!B26,1,0),0) -> 1
H12: 8 | I12: =IF(Q12="",1000000+H12,SUM($C$45:C51)) -> 1000008 | L12: =IF(Q12="",1000000+H12,I12+$L$5) -> 1000008 | O12: =Q11 -> 7 | P12: ～ | Q12: =塔内機器_入力①!B64 | X12: 有効な階高の合計 mm | Y12: =SUM(C45:C68) -> 20145
H13: 9 | I13: =IF(Q13="",1000000+H13,SUM($C$45:C52)) -> 1000009 | L13: =IF(Q13="",1000000+H13,I13+$L$5) -> 1000009 | O13: =Q12 | P13: ～ | Q13: =塔内機器_入力①!K36 | X13: 制御盤距離の入力 | Y13: =IFERROR(IF(AND(COUNT(帳票基本入力!C9)=1,帳票基本入力!C9>0,帳票基本入力!C9<=塔内機器_入力①!B20,帳票基本入力!C9=ROUNDDOWN(帳票基本入力!C9,0)),1,0),0) -> 1
H14: 10 | I14: =IF(Q14="",1000000+H14,SUM($C$45:C53)) -> 1000010 | L14: =IF(Q14="",1000000+H14,I14+$L$5) -> 1000010 | O14: =Q13 | P14: ～ | Q14: =塔内機器_入力①!K40 | X14: 仕様の入力 | Y14: =IF(AND(OR(帳票基本入力!C7="Cwtｾﾌﾃｨ付",帳票基本入力!C7="Cwtｾﾌﾃｨなし"),OR(R7="後落ち",R7="横落ち"),OR(塔内機器_入力①!P26="有",塔内機器_入力①!P26="無"),COUNT(塔内機器_入力①!P14)=1,OR(塔内機器_入力①!B14="UA-25TP",塔内機器_入力①!B14="UAE-25T",塔内機器_入力①!B14="UA-25TR",塔内機器_入力①!B14="UA-25TB"),COUNTIF(U32:U36,"〇")=1,Y6>0),1,0) -> 1
H15: 11 | I15: =IF(Q15="",1000000+H15,SUM($C$45:C54)) -> 1000011 | L15: =IF(Q15="",1000000+H15,I15+$L$5) -> 1000011 | O15: =Q14 | P15: ～ | Q15: =塔内機器_入力①!K44 | X15: 入力条件の成立 1=成立 | Y15: =IF(AND(Y4=1,Y5>=2,Y7=1,Y8=0,Y9=0,Y10=1,Y11=1,Y13=1,Y14=1,Y21=0,Y27=1),1,0) -> 1
H16: 12 | I16: =IF(Q16="",1000000+H16,SUM($C$45:C55)) -> 1000012 | L16: =IF(Q16="",1000000+H16,I16+$L$5) -> 1000012 | O16: =Q15 | P16: ～ | Q16: =塔内機器_入力①!K48 | X16: 入力状態 | Y16: =IF(Y4<>1,"要確認：階床名が空欄・未登録・重複",IF(Y5<2,"要確認：階床は2階以上必要",IF(Y21>0,"要確認：階床DBの空き・重複を修正",IF(Y7=0,"要確認：全高・行程・ピットは範囲内の整数",IF(Y8>0,"要確認：使用する階高は正の整数",IF(Y9>0,"要確認：未使用の階高欄を空欄にする",IF(Y10=0,"要確認：行程と有効な階高合計が不一致",IF(Y11=0,"要確認：全高は行程とピットの合計より大きく",IF(Y13=0,"要確認：制御盤距離は正の整数・全高以下",IF(Y14=0,"要確認：機種・OP・遮煙・基本仕様を確認",IF(Y27=0,"要確認：最上部取付位置が配置可能範囲外","入力条件成立"))))))))))) -> 入力条件成立
H17: 13 | I17: =IF(Q17="",1000000+H17,SUM($C$45:C56)) -> 1000013 | L17: =IF(Q17="",1000000+H17,I17+$L$5) -> 1000013 | O17: =Q16 | P17: ～ | Q17: =塔内機器_入力①!K52 | X17: 部品DBの不備件数 | Y17: =SUM(AJ45:AJ68) -> 0
H18: 14 | I18: =IF(Q18="",1000000+H18,SUM($C$45:C57)) -> 1000014 | L18: =IF(Q18="",1000000+H18,I18+$L$5) -> 1000014 | O18: =Q17 | P18: ～ | Q18: =塔内機器_入力①!K56 | X18: 部品出力状態 | Y18: =IF(Y15=0,"入力修正後に判定",IF(Y17>0,"部品出力停止：未確認・範囲外のDBあり","参照範囲内（設計妥当性は要照合）")) -> 参照範囲内（設計妥当性は要照合）
H19: 15 | I19: =IF(Q19="",1000000+H19,SUM($C$45:C58)) -> 1000015 | L19: =IF(Q19="",1000000+H19,I19+$L$5) -> 1000015 | O19: =Q18 | P19: ～ | Q19: =塔内機器_入力①!K60 | X19: ガバナDB上限 mm | Y19: 90000
B20: ■テールコード最上部ブラケット | H20: 16 | I20: =IF(Q20="",1000000+H20,SUM($C$45:C59)) -> 1000016 | L20: =IF(Q20="",1000000+H20,I20+$L$5) -> 1000016 | O20: =Q19 | P20: ～ | Q20: =塔内機器_入力①!K64 | X20: サポートDB上限 mm | Y20: =MAX(O32:O39) -> 90000
D21: =IF(Y15=0,"",塔内機器_入力①!P20-帳票基本入力!C9-$Y$35) -> 16770 | H21: 17 | I21: =IF(Q21="",1000000+H21,SUM($C$45:C60)) -> 1000017 | L21: =IF(Q21="",1000000+H21,I21+$L$5) -> 1000017 | O21: =Q20 | P21: ～ | Q21: =塔内機器_入力①!T36 | X21: 階床順序・重複の不備 | Y21: =SUM(AC45:AC68) -> 0
D22: =IF(Y15=0,"",Y26) -> 21370 | H22: 18 | I22: =IF(Q22="",1000000+H22,SUM($C$45:C61)) -> 1000018 | L22: =IF(Q22="",1000000+H22,I22+$L$5) -> 1000018 | O22: =Q21 | P22: ～ | Q22: =塔内機器_入力①!T40 | X22: 部品DB出力可 1=可 | Y22: =IF(AND(Y15=1,Y17=0),1,0) -> 1
H23: 19 | I23: =IF(Q23="",1000000+H23,SUM($C$45:C62)) -> 1000019 | L23: =IF(Q23="",1000000+H23,I23+$L$5) -> 1000019 | O23: =Q22 | P23: ～ | Q23: =塔内機器_入力①!T44 | X23: 全体の状態 | Y23: =IF(Y15=0,Y16,IF(AH41<>"",AH41,IF(AH36<>"",AH36,Y18))) -> 参照範囲内（設計妥当性は要照合）
H24: 20 | I24: =IF(Q24="",1000000+H24,SUM($C$45:C63)) -> 1000020 | L24: =IF(Q24="",1000000+H24,I24+$L$5) -> 1000020 | O24: =Q23 | P24: ～ | Q24: =塔内機器_入力①!T48 | X24: ガバナ個数 | Y24: =IF(Y7=0,0,IF(塔内機器_入力①!B20>Y19,0,VLOOKUP(塔内機器_入力①!B20,塔内機器_出力①_DB!B6:E11,4,TRUE))) -> 1
H25: 21 | I25: =IF(Q25="",1000000+H25,SUM($C$45:C64)) -> 1000021 | L25: =IF(Q25="",1000000+H25,I25+$L$5) -> 1000021 | O25: =Q24 | P25: ～ | Q25: =塔内機器_入力①!T52 | X25: サポート個数 | Y25: =IF(Y7=0,0,VLOOKUP(塔内機器_入力①!B20,$L$32:$Q$39,6,TRUE)) -> 2
H26: 22 | I26: =IF(Q26="",1000000+H26,SUM($C$45:C65)) -> 1000022 | L26: =IF(Q26="",1000000+H26,I26+$L$5) -> 1000022 | O26: =Q25 | P26: ～ | Q26: =塔内機器_入力①!T56 | X26: 最上部取付位置 mm | Y26: =IF(OR(Y7=0,Y13=0),0,IF(R8="",塔内機器_入力①!P20-帳票基本入力!C9-$Y$35,塔内機器_入力①!P20+VLOOKUP(R9,塔内機器_出力②_DB!$Q$4:$R$6,2,FALSE))) -> 21370
H27: 23 | I27: =IF(Q27="",1000000+H27,SUM($C$45:C66)) -> 1000023 | L27: =IF(Q27="",1000000+H27,I27+$L$5) -> 1000023 | O27: =Q26 | P27: ～ | Q27: =塔内機器_入力①!T60 | X27: 取付位置の整合 | Y27: =IFERROR(IF(AND(Y26>=塔内機器_入力①!P20/2+$Y$34,Y26<=塔内機器_入力①!B20-塔内機器_入力①!B26),1,0),0) -> 1
H28: 24 | I28: =IF(Q28="",1000000+H28,SUM($C$45:C67)) -> 1000024 | L28: =IF(Q28="",1000000+H28,I28+$L$5) -> 1000024 | O28: =Q27 | P28: ～ | Q28: =塔内機器_入力①!T64 | X28: 推定行の確認記録 1=成立 | Y28: =IFERROR(VLOOKUP(Y6,塔内機器_出力②_DB!$T$4:$AA$23,8,FALSE),0) -> 0
B30: ■ケーブルサポート・テールコードサポートブラ取付高さ | L30: ■ケーブルサポートブラ手配員数表 | X30: 空階の検索キーは1,000,000超。実高さの合計はY12。
B31: 1 | C31: つ目 | D31: =IF($Y$39=0,"",AH32) -> 10572.5 | E31: mm | L31: 全高 TH | Q31: 員数 | S31: 機種(P型) | U31: 判定 | X31: 出力② 共通条件（元の計算規則）
B32: 2 | C32: つ目 | D32: =IF($Y$39=0,"",IF(B32>$Y$37,"",IF(B32=$Y$37,$D$22,$D$31+(B32-1)*$H$34))) -> 15971.5 | E32: mm | H32: ピッチ | L32: 0 | N32: ~ | O32: 15000 | Q32: 1 | S32: P-6 | U32: =IF(OR(MID(帳票基本入力!C6,3,4)="P-6-",RIGHT(帳票基本入力!C6,3)="P-6"),"〇","") | X32: テール用ブラ増員の行程上限 mm | Y32: 40000 | AB32: 出力② 開始位置S mm | AH32: =IF(Y15=0,"",塔内機器_入力①!P20/2+$Y$34) -> 10572.5
B33: 3 | C33: つ目 | D33: =IF($Y$39=0,"",IF(B33>$Y$37,"",IF(B33=$Y$37,$D$22,$D$31+(B33-1)*$H$34))) -> 21370 | E33: mm | H33: =IF($Y$39=0,"",(D22-D31)/($Y$37-1)) -> 5398.75 | L33: 15001 | N33: ~ | O33: 25000 | Q33: 2 | S33: P-9 | U33: =IF(OR(MID(帳票基本入力!C6,3,4)="P-9-",RIGHT(帳票基本入力!C6,3)="P-9"),"〇","") | X33: Lタイプの行程上限 mm | Y33: 80000 | AB33: 出力② 個数成立 1=可 | AH33: =IF(Y15=0,0,IF(AND(Y37>=2,Y37<=$Y$40,Y37=ROUNDDOWN(Y37,0)),1,0)) -> 1
B34: 4 | C34: つ目 | D34: =IF($Y$39=0,"",IF(B34>$Y$37,"",IF(B34=$Y$37,$D$22,$D$31+(B34-1)*$H$34))) | E34: mm | H34: =IF($Y$39=0,"",AH34) -> 5399 | L34: 25001 | N34: ~ | O34: 40000 | Q34: 4 | S34: P-11 | U34: =IF(OR(MID(帳票基本入力!C6,3,5)="P-11-",RIGHT(帳票基本入力!C6,4)="P-11"),"〇","") | X34: 最初の位置への加算 mm | Y34: 500 | AB34: 出力② 切上げ間隔P mm | AH34: =IF(AH33=0,"",ROUNDUP((Y26-AH32)/(Y37-1),0)) -> 5399
B35: 5 | C35: つ目 | D35: =IF($Y$39=0,"",IF(B35>$Y$37,"",IF(B35=$Y$37,$D$22,$D$31+(B35-1)*$H$34))) | E35: mm | L35: 40001 | N35: ~ | O35: 50000 | Q35: 5 | S35: P-13 | U35: =IF(OR(MID(帳票基本入力!C6,3,5)="P-13-",RIGHT(帳票基本入力!C6,4)="P-13"),"〇","") -> 〇 | X35: 横落ち制御盤下端補正 mm | Y35: 295 | AB35: 出力② 最終間隔 mm | AH35: =IF(AH33=0,"",Y26-(AH32+(Y37-2)*AH34)) -> 5398.5
B36: 6 | C36: つ目 | D36: =IF($Y$39=0,"",IF(B36>$Y$37,"",IF(B36=$Y$37,$D$22,$D$31+(B36-1)*$H$34))) | E36: mm | L36: 50001 | N36: ~ | O36: 60000 | Q36: 5 | S36: P-15 | U36: =IF(OR(MID(帳票基本入力!C6,3,5)="P-15-",RIGHT(帳票基本入力!C6,4)="P-15"),"〇","") | X36: テールコードサポートブラ個数 | Y36: =IF(Y15=0,"",IF(塔内機器_入力①!P20<=$Y$32,1,2)) -> 1 | AB36: 出力② 個別警告 | AH36: =IF(Y15=0,Y16,IF(AH33=0,"要確認：出力②の取付箇所数が範囲外",IF(Y39=0,"要確認：出力②の取付間隔が0以下","")))
B37: 7 | C37: つ目 | D37: =IF($Y$39=0,"",IF(B37>$Y$37,"",IF(B37=$Y$37,$D$22,$D$31+(B37-1)*$H$34))) | E37: mm | L37: 60001 | N37: ~ | O37: 70000 | Q37: 5 | X37: 合計取付箇所数 | Y37: =IF(Y15=0,"",Y25+Y36) -> 3 | AB37: 出力① 実効ガバナ個数 | AH37: =IF(Y15=0,0,IF(帳票基本入力!C7="Cwtｾﾌﾃｨなし",0,Y24)) -> 1
B38: 8 | C38: つ目 | D38: =IF($Y$39=0,"",IF(B38>$Y$37,"",IF(B38=$Y$37,$D$22,$D$31+(B38-1)*$H$34))) | E38: mm | L38: 70001 | N38: ~ | O38: 80000 | Q38: 6 | X38: テールコードタイプ | Y38: =IF(Y15=0,"",IF(塔内機器_入力①!P20<=$Y$33,"Lタイプ","Hタイプ")) -> Lタイプ | AB38: 出力① 最初の位置 mm | AH38: =IF(Y15=0,"",IF(OR(AH37<=0,AH37>6,AH37<>ROUNDDOWN(AH37,0)),"",塔内機器_入力①!B20/(AH37+1))) -> 12235
B39: 9 | C39: つ目 | D39: =IF($Y$39=0,"",IF(B39>$Y$37,"",IF(B39=$Y$37,$D$22,$D$31+(B39-1)*$H$34))) | E39: mm | L39: 80001 | N39: ~ | O39: 90000 | Q39: 7 | X39: 取付行表示可 1=可 | Y39: =IF(AH33=0,0,IF(AND(AH34>0,AH35>0),1,0)) -> 1 | AB39: 出力① 最後の位置 mm | AH39: =IF(AH38="","",AH38*AH37) -> 12235
X40: 帳票の最大取付箇所数 | Y40: 9 | AB40: 出力① 配置成立 1=可 | AH40: =IF(Y15=0,0,IF(AH37=0,1,IF(AH38="",0,IF(AND(AH38>=L5,AH39<=塔内機器_入力①!B20),1,0)))) -> 1
AB41: 出力① 個別警告 | AH41: =IF(Y15=0,Y16,IF(AH37=0,"",IF(AH38="","要確認：出力①の取付箇所数が範囲外",IF(AH40=0,"要確認：出力①の位置が最下階FL未満",""))))
AB42: 帳票共通版 | AH42: v4
B43: ■除く不停止階の階計算
B44: 階 | C44: 階高 | E44: 有効階 | G44: 合計階高 | I44: 仕様検索 | Z44: 階床取得値 | AA44: 階高不備 | AB44: 未使用残値 | AC44: 階床不備 | AD44: 階床あり | AE44: DB下限キー | AF44: DB上限mm | AG44: DB機種ID | AH44: DB区分 | AI44: 使用可 | AJ44: 部品不備
B45: =IF(塔内機器_入力①!B36="", "", 塔内機器_入力①!B36) -> 1 | C45: =IF(AND(B45<>"",B46<>""),IF(AA45=0,塔内機器_入力①!E38,0),0) -> 3745 | E45: =IF(B45="","",SUM($AD$45:AD45)-COUNTIF($B$45:B45,"N")) -> 1 | F45: =B45 -> 1 | G45: =IF(B45="N","",SUMIF($E$45:$E$68,E45,$C$45:$C$68)) -> 3745 | I45: =IF(B45="","",$Y$6*100000+G45) -> 10403745 | K45: =IF(B45="","",IF($Y$15=0,"入力要確認",IF(E45=MAX($E$45:$E$68),"無し",IF(AG45<>$Y$6,"DB未登録",IF(OR(I45<AE45,G45>AF45),"階高範囲外",IF(AI45<>1,"推定DB未確認",VLOOKUP(I45,塔内機器_出力②_DB!$A$4:$L$1123,9,TRUE))))))) -> 420【1】+800【1】 | Z45: =IF($Y$4<>1,0,IFERROR(VLOOKUP(帳票基本入力!C5,塔内機器_入力①_DB!$C$2:$AA$937,2,FALSE),0)) -> 1 | AA45: =IF(AND(B45<>"",B46<>""),1-IFERROR(IF(AND(COUNT(塔内機器_入力①!E38)=1,塔内機器_入力①!E38>0,塔内機器_入力①!E38<=90000,塔内機器_入力①!E38=ROUNDDOWN(塔内機器_入力①!E38,0)),1,0),0),0) -> 0 | AB45: =IF(AND(B45<>"",B46<>""),0,IF(塔内機器_入力①!E38="",0,1)) -> 0 | AC45: =IF(B45="",0,IF(OR(0=1,AND(B45<>"N",COUNTIF($B$45:$B$68,B45)>1)),1,0)) -> 0 | AD45: =IF(B45="",0,1) -> 1 | AE45: =IF(B45="",0,IFERROR(VLOOKUP(I45,塔内機器_出力②_DB!$A$4:$L$1123,1,TRUE),0)) -> 10403666 | AF45: =IF(B45="",-1,IFERROR(VLOOKUP(I45,塔内機器_出力②_DB!$A$4:$L$1123,8,TRUE),-1)) -> 3765 | AG45: =ROUNDDOWN(AE45/100000,0) -> 104 | AH45: =IF(B45="","未登録",IFERROR(VLOOKUP(I45,塔内機器_出力②_DB!$A$4:$L$1123,12,TRUE),"未登録")) -> QR収録 | AI45: =IF(AH45="QR収録",1,$Y$28) -> 1 | AJ45: =IF(OR(B45="",E45=MAX($E$45:$E$68)),0,IF(AND($Y$6>0,AG45=$Y$6,I45>=AE45,G45<=AF45,AI45=1),0,1)) -> 0
B46: =IF(塔内機器_入力①!B40="", "", 塔内機器_入力①!B40) -> 2 | C46: =IF(AND(B46<>"",B47<>""),IF(AA46=0,塔内機器_入力①!E42,0),0) -> 3300 | E46: =IF(B46="","",SUM($AD$45:AD46)-COUNTIF($B$45:B46,"N")) -> 2 | F46: =B46 -> 2 | G46: =IF(B46="N","",SUMIF($E$45:$E$68,E46,$C$45:$C$68)) -> 3300 | I46: =IF(B46="","",$Y$6*100000+G46) -> 10403300 | K46: =IF(B46="","",IF($Y$15=0,"入力要確認",IF(E46=MAX($E$45:$E$68),"無し",IF(AG46<>$Y$6,"DB未登録",IF(OR(I46<AE46,G46>AF46),"階高範囲外",IF(AI46<>1,"推定DB未確認",VLOOKUP(I46,塔内機器_出力②_DB!$A$4:$L$1123,9,TRUE))))))) -> 820【1】 | Z46: =IF($Y$4<>1,0,IFERROR(VLOOKUP(帳票基本入力!C5,塔内機器_入力①_DB!$C$2:$AA$937,3,FALSE),0)) -> 2 | AA46: =IF(AND(B46<>"",B47<>""),1-IFERROR(IF(AND(COUNT(塔内機器_入力①!E42)=1,塔内機器_入力①!E42>0,塔内機器_入力①!E42<=90000,塔内機器_入力①!E42=ROUNDDOWN(塔内機器_入力①!E42,0)),1,0),0),0) -> 0 | AB46: =IF(AND(B46<>"",B47<>""),0,IF(塔内機器_入力①!E42="",0,1)) -> 0 | AC46: =IF(B46="",0,IF(OR(B45="",AND(B46<>"N",COUNTIF($B$45:$B$68,B46)>1)),1,0)) -> 0 | AD46: =IF(B46="",0,1) -> 1 | AE46: =IF(B46="",0,IFERROR(VLOOKUP(I46,塔内機器_出力②_DB!$A$4:$L$1123,1,TRUE),0)) -> 10403266 | AF46: =IF(B46="",-1,IFERROR(VLOOKUP(I46,塔内機器_出力②_DB!$A$4:$L$1123,8,TRUE),-1)) -> 3365 | AG46: =ROUNDDOWN(AE46/100000,0) -> 104 | AH46: =IF(B46="","未登録",IFERROR(VLOOKUP(I46,塔内機器_出力②_DB!$A$4:$L$1123,12,TRUE),"未登録")) -> QR収録 | AI46: =IF(AH46="QR収録",1,$Y$28) -> 1 | AJ46: =IF(OR(B46="",E46=MAX($E$45:$E$68)),0,IF(AND($Y$6>0,AG46=$Y$6,I46>=AE46,G46<=AF46,AI46=1),0,1)) -> 0
B47: =IF(塔内機器_入力①!B44="", "", 塔内機器_入力①!B44) -> 3 | C47: =IF(AND(B47<>"",B48<>""),IF(AA47=0,塔内機器_入力①!E46,0),0) -> 3300 | E47: =IF(B47="","",SUM($AD$45:AD47)-COUNTIF($B$45:B47,"N")) -> 3 | F47: =B47 -> 3 | G47: =IF(B47="N","",SUMIF($E$45:$E$68,E47,$C$45:$C$68)) -> 3300 | I47: =IF(B47="","",$Y$6*100000+G47) -> 10403300 | K47: =IF(B47="","",IF($Y$15=0,"入力要確認",IF(E47=MAX($E$45:$E$68),"無し",IF(AG47<>$Y$6,"DB未登録",IF(OR(I47<AE47,G47>AF47),"階高範囲外",IF(AI47<>1,"推定DB未確認",VLOOKUP(I47,塔内機器_出力②_DB!$A$4:$L$1123,9,TRUE))))))) -> 820【1】 | Z47: =IF($Y$4<>1,0,IFERROR(VLOOKUP(帳票基本入力!C5,塔内機器_入力①_DB!$C$2:$AA$937,4,FALSE),0)) -> 3 | AA47: =IF(AND(B47<>"",B48<>""),1-IFERROR(IF(AND(COUNT(塔内機器_入力①!E46)=1,塔内機器_入力①!E46>0,塔内機器_入力①!E46<=90000,塔内機器_入力①!E46=ROUNDDOWN(塔内機器_入力①!E46,0)),1,0),0),0) -> 0 | AB47: =IF(AND(B47<>"",B48<>""),0,IF(塔内機器_入力①!E46="",0,1)) -> 0 | AC47: =IF(B47="",0,IF(OR(B46="",AND(B47<>"N",COUNTIF($B$45:$B$68,B47)>1)),1,0)) -> 0 | AD47: =IF(B47="",0,1) -> 1 | AE47: =IF(B47="",0,IFERROR(VLOOKUP(I47,塔内機器_出力②_DB!$A$4:$L$1123,1,TRUE),0)) -> 10403266 | AF47: =IF(B47="",-1,IFERROR(VLOOKUP(I47,塔内機器_出力②_DB!$A$4:$L$1123,8,TRUE),-1)) -> 3365 | AG47: =ROUNDDOWN(AE47/100000,0) -> 104 | AH47: =IF(B47="","未登録",IFERROR(VLOOKUP(I47,塔内機器_出力②_DB!$A$4:$L$1123,12,TRUE),"未登録")) -> QR収録 | AI47: =IF(AH47="QR収録",1,$Y$28) -> 1 | AJ47: =IF(OR(B47="",E47=MAX($E$45:$E$68)),0,IF(AND($Y$6>0,AG47=$Y$6,I47>=AE47,G47<=AF47,AI47=1),0,1)) -> 0
B48: =IF(塔内機器_入力①!B48="", "", 塔内機器_入力①!B48) -> 4 | C48: =IF(AND(B48<>"",B49<>""),IF(AA48=0,塔内機器_入力①!E50,0),0) -> 3300 | E48: =IF(B48="","",SUM($AD$45:AD48)-COUNTIF($B$45:B48,"N")) -> 4 | F48: =B48 -> 4 | G48: =IF(B48="N","",SUMIF($E$45:$E$68,E48,$C$45:$C$68)) -> 3300 | I48: =IF(B48="","",$Y$6*100000+G48) -> 10403300 | K48: =IF(B48="","",IF($Y$15=0,"入力要確認",IF(E48=MAX($E$45:$E$68),"無し",IF(AG48<>$Y$6,"DB未登録",IF(OR(I48<AE48,G48>AF48),"階高範囲外",IF(AI48<>1,"推定DB未確認",VLOOKUP(I48,塔内機器_出力②_DB!$A$4:$L$1123,9,TRUE))))))) -> 820【1】 | Z48: =IF($Y$4<>1,0,IFERROR(VLOOKUP(帳票基本入力!C5,塔内機器_入力①_DB!$C$2:$AA$937,5,FALSE),0)) -> 4 | AA48: =IF(AND(B48<>"",B49<>""),1-IFERROR(IF(AND(COUNT(塔内機器_入力①!E50)=1,塔内機器_入力①!E50>0,塔内機器_入力①!E50<=90000,塔内機器_入力①!E50=ROUNDDOWN(塔内機器_入力①!E50,0)),1,0),0),0) -> 0 | AB48: =IF(AND(B48<>"",B49<>""),0,IF(塔内機器_入力①!E50="",0,1)) -> 0 | AC48: =IF(B48="",0,IF(OR(B47="",AND(B48<>"N",COUNTIF($B$45:$B$68,B48)>1)),1,0)) -> 0 | AD48: =IF(B48="",0,1) -> 1 | AE48: =IF(B48="",0,IFERROR(VLOOKUP(I48,塔内機器_出力②_DB!$A$4:$L$1123,1,TRUE),0)) -> 10403266 | AF48: =IF(B48="",-1,IFERROR(VLOOKUP(I48,塔内機器_出力②_DB!$A$4:$L$1123,8,TRUE),-1)) -> 3365 | AG48: =ROUNDDOWN(AE48/100000,0) -> 104 | AH48: =IF(B48="","未登録",IFERROR(VLOOKUP(I48,塔内機器_出力②_DB!$A$4:$L$1123,12,TRUE),"未登録")) -> QR収録 | AI48: =IF(AH48="QR収録",1,$Y$28) -> 1 | AJ48: =IF(OR(B48="",E48=MAX($E$45:$E$68)),0,IF(AND($Y$6>0,AG48=$Y$6,I48>=AE48,G48<=AF48,AI48=1),0,1)) -> 0
B49: =IF(塔内機器_入力①!B52="", "", 塔内機器_入力①!B52) -> 5 | C49: =IF(AND(B49<>"",B50<>""),IF(AA49=0,塔内機器_入力①!E54,0),0) -> 3250 | E49: =IF(B49="","",SUM($AD$45:AD49)-COUNTIF($B$45:B49,"N")) -> 5 | F49: =B49 -> 5 | G49: =IF(B49="N","",SUMIF($E$45:$E$68,E49,$C$45:$C$68)) -> 3250 | I49: =IF(B49="","",$Y$6*100000+G49) -> 10403250 | K49: =IF(B49="","",IF($Y$15=0,"入力要確認",IF(E49=MAX($E$45:$E$68),"無し",IF(AG49<>$Y$6,"DB未登録",IF(OR(I49<AE49,G49>AF49),"階高範囲外",IF(AI49<>1,"推定DB未確認",VLOOKUP(I49,塔内機器_出力②_DB!$A$4:$L$1123,9,TRUE))))))) -> 720【1】 | Z49: =IF($Y$4<>1,0,IFERROR(VLOOKUP(帳票基本入力!C5,塔内機器_入力①_DB!$C$2:$AA$937,6,FALSE),0)) -> 5 | AA49: =IF(AND(B49<>"",B50<>""),1-IFERROR(IF(AND(COUNT(塔内機器_入力①!E54)=1,塔内機器_入力①!E54>0,塔内機器_入力①!E54<=90000,塔内機器_入力①!E54=ROUNDDOWN(塔内機器_入力①!E54,0)),1,0),0),0) -> 0 | AB49: =IF(AND(B49<>"",B50<>""),0,IF(塔内機器_入力①!E54="",0,1)) -> 0 | AC49: =IF(B49="",0,IF(OR(B48="",AND(B49<>"N",COUNTIF($B$45:$B$68,B49)>1)),1,0)) -> 0 | AD49: =IF(B49="",0,1) -> 1 | AE49: =IF(B49="",0,IFERROR(VLOOKUP(I49,塔内機器_出力②_DB!$A$4:$L$1123,1,TRUE),0)) -> 10403166 | AF49: =IF(B49="",-1,IFERROR(VLOOKUP(I49,塔内機器_出力②_DB!$A$4:$L$1123,8,TRUE),-1)) -> 3265 | AG49: =ROUNDDOWN(AE49/100000,0) -> 104 | AH49: =IF(B49="","未登録",IFERROR(VLOOKUP(I49,塔内機器_出力②_DB!$A$4:$L$1123,12,TRUE),"未登録")) -> QR収録 | AI49: =IF(AH49="QR収録",1,$Y$28) -> 1 | AJ49: =IF(OR(B49="",E49=MAX($E$45:$E$68)),0,IF(AND($Y$6>0,AG49=$Y$6,I49>=AE49,G49<=AF49,AI49=1),0,1)) -> 0
B50: =IF(塔内機器_入力①!B56="", "", 塔内機器_入力①!B56) -> 6 | C50: =IF(AND(B50<>"",B51<>""),IF(AA50=0,塔内機器_入力①!E58,0),0) -> 3250 | E50: =IF(B50="","",SUM($AD$45:AD50)-COUNTIF($B$45:B50,"N")) -> 6 | F50: =B50 -> 6 | G50: =IF(B50="N","",SUMIF($E$45:$E$68,E50,$C$45:$C$68)) -> 3250 | I50: =IF(B50="","",$Y$6*100000+G50) -> 10403250 | K50: =IF(B50="","",IF($Y$15=0,"入力要確認",IF(E50=MAX($E$45:$E$68),"無し",IF(AG50<>$Y$6,"DB未登録",IF(OR(I50<AE50,G50>AF50),"階高範囲外",IF(AI50<>1,"推定DB未確認",VLOOKUP(I50,塔内機器_出力②_DB!$A$4:$L$1123,9,TRUE))))))) -> 720【1】 | Z50: =IF($Y$4<>1,0,IFERROR(VLOOKUP(帳票基本入力!C5,塔内機器_入力①_DB!$C$2:$AA$937,7,FALSE),0)) -> 6 | AA50: =IF(AND(B50<>"",B51<>""),1-IFERROR(IF(AND(COUNT(塔内機器_入力①!E58)=1,塔内機器_入力①!E58>0,塔内機器_入力①!E58<=90000,塔内機器_入力①!E58=ROUNDDOWN(塔内機器_入力①!E58,0)),1,0),0),0) -> 0 | AB50: =IF(AND(B50<>"",B51<>""),0,IF(塔内機器_入力①!E58="",0,1)) -> 0 | AC50: =IF(B50="",0,IF(OR(B49="",AND(B50<>"N",COUNTIF($B$45:$B$68,B50)>1)),1,0)) -> 0 | AD50: =IF(B50="",0,1) -> 1 | AE50: =IF(B50="",0,IFERROR(VLOOKUP(I50,塔内機器_出力②_DB!$A$4:$L$1123,1,TRUE),0)) -> 10403166 | AF50: =IF(B50="",-1,IFERROR(VLOOKUP(I50,塔内機器_出力②_DB!$A$4:$L$1123,8,TRUE),-1)) -> 3265 | AG50: =ROUNDDOWN(AE50/100000,0) -> 104 | AH50: =IF(B50="","未登録",IFERROR(VLOOKUP(I50,塔内機器_出力②_DB!$A$4:$L$1123,12,TRUE),"未登録")) -> QR収録 | AI50: =IF(AH50="QR収録",1,$Y$28) -> 1 | AJ50: =IF(OR(B50="",E50=MAX($E$45:$E$68)),0,IF(AND($Y$6>0,AG50=$Y$6,I50>=AE50,G50<=AF50,AI50=1),0,1)) -> 0
B51: =IF(塔内機器_入力①!B60="", "", 塔内機器_入力①!B60) -> 7 | C51: =IF(AND(B51<>"",B52<>""),IF(AA51=0,塔内機器_入力①!E62,0),0) -> 0 | E51: =IF(B51="","",SUM($AD$45:AD51)-COUNTIF($B$45:B51,"N")) -> 7 | F51: =B51 -> 7 | G51: =IF(B51="N","",SUMIF($E$45:$E$68,E51,$C$45:$C$68)) -> 0 | I51: =IF(B51="","",$Y$6*100000+G51) -> 10400000 | K51: =IF(B51="","",IF($Y$15=0,"入力要確認",IF(E51=MAX($E$45:$E$68),"無し",IF(AG51<>$Y$6,"DB未登録",IF(OR(I51<AE51,G51>AF51),"階高範囲外",IF(AI51<>1,"推定DB未確認",VLOOKUP(I51,塔内機器_出力②_DB!$A$4:$L$1123,9,TRUE))))))) -> 無し | Z51: =IF($Y$4<>1,0,IFERROR(VLOOKUP(帳票基本入力!C5,塔内機器_入力①_DB!$C$2:$AA$937,8,FALSE),0)) -> 7 | AA51: =IF(AND(B51<>"",B52<>""),1-IFERROR(IF(AND(COUNT(塔内機器_入力①!E62)=1,塔内機器_入力①!E62>0,塔内機器_入力①!E62<=90000,塔内機器_入力①!E62=ROUNDDOWN(塔内機器_入力①!E62,0)),1,0),0),0) -> 0 | AB51: =IF(AND(B51<>"",B52<>""),0,IF(塔内機器_入力①!E62="",0,1)) -> 0 | AC51: =IF(B51="",0,IF(OR(B50="",AND(B51<>"N",COUNTIF($B$45:$B$68,B51)>1)),1,0)) -> 0 | AD51: =IF(B51="",0,1) -> 1 | AE51: =IF(B51="",0,IFERROR(VLOOKUP(I51,塔内機器_出力②_DB!$A$4:$L$1123,1,TRUE),0)) -> 10400000 | AF51: =IF(B51="",-1,IFERROR(VLOOKUP(I51,塔内機器_出力②_DB!$A$4:$L$1123,8,TRUE),-1)) -> 2640 | AG51: =ROUNDDOWN(AE51/100000,0) -> 104 | AH51: =IF(B51="","未登録",IFERROR(VLOOKUP(I51,塔内機器_出力②_DB!$A$4:$L$1123,12,TRUE),"未登録")) -> QR収録 | AI51: =IF(AH51="QR収録",1,$Y$28) -> 1 | AJ51: =IF(OR(B51="",E51=MAX($E$45:$E$68)),0,IF(AND($Y$6>0,AG51=$Y$6,I51>=AE51,G51<=AF51,AI51=1),0,1)) -> 0
B52: =IF(塔内機器_入力①!B64="", "", 塔内機器_入力①!B64) | C52: =IF(AND(B52<>"",B53<>""),IF(AA52=0,塔内機器_入力①!E66,0),0) -> 0 | E52: =IF(B52="","",SUM($AD$45:AD52)-COUNTIF($B$45:B52,"N")) | F52: =B52 | G52: =IF(B52="N","",SUMIF($E$45:$E$68,E52,$C$45:$C$68)) -> 0 | I52: =IF(B52="","",$Y$6*100000+G52) | K52: =IF(B52="","",IF($Y$15=0,"入力要確認",IF(E52=MAX($E$45:$E$68),"無し",IF(AG52<>$Y$6,"DB未登録",IF(OR(I52<AE52,G52>AF52),"階高範囲外",IF(AI52<>1,"推定DB未確認",VLOOKUP(I52,塔内機器_出力②_DB!$A$4:$L$1123,9,TRUE))))))) | Z52: =IF($Y$4<>1,0,IFERROR(VLOOKUP(帳票基本入力!C5,塔内機器_入力①_DB!$C$2:$AA$937,9,FALSE),0)) -> 0 | AA52: =IF(AND(B52<>"",B53<>""),1-IFERROR(IF(AND(COUNT(塔内機器_入力①!E66)=1,塔内機器_入力①!E66>0,塔内機器_入力①!E66<=90000,塔内機器_入力①!E66=ROUNDDOWN(塔内機器_入力①!E66,0)),1,0),0),0) -> 0 | AB52: =IF(AND(B52<>"",B53<>""),0,IF(塔内機器_入力①!E66="",0,1)) -> 0 | AC52: =IF(B52="",0,IF(OR(B51="",AND(B52<>"N",COUNTIF($B$45:$B$68,B52)>1)),1,0)) -> 0 | AD52: =IF(B52="",0,1) -> 0 | AE52: =IF(B52="",0,IFERROR(VLOOKUP(I52,塔内機器_出力②_DB!$A$4:$L$1123,1,TRUE),0)) -> 0 | AF52: =IF(B52="",-1,IFERROR(VLOOKUP(I52,塔内機器_出力②_DB!$A$4:$L$1123,8,TRUE),-1)) -> -1 | AG52: =ROUNDDOWN(AE52/100000,0) -> 0 | AH52: =IF(B52="","未登録",IFERROR(VLOOKUP(I52,塔内機器_出力②_DB!$A$4:$L$1123,12,TRUE),"未登録")) -> 未登録 | AI52: =IF(AH52="QR収録",1,$Y$28) -> 0 | AJ52: =IF(OR(B52="",E52=MAX($E$45:$E$68)),0,IF(AND($Y$6>0,AG52=$Y$6,I52>=AE52,G52<=AF52,AI52=1),0,1)) -> 0
B53: =IF(塔内機器_入力①!K36="", "", 塔内機器_入力①!K36) | C53: =IF(AND(B53<>"",B54<>""),IF(AA53=0,塔内機器_入力①!N38,0),0) -> 0 | E53: =IF(B53="","",SUM($AD$45:AD53)-COUNTIF($B$45:B53,"N")) | F53: =B53 | G53: =IF(B53="N","",SUMIF($E$45:$E$68,E53,$C$45:$C$68)) -> 0 | I53: =IF(B53="","",$Y$6*100000+G53) | K53: =IF(B53="","",IF($Y$15=0,"入力要確認",IF(E53=MAX($E$45:$E$68),"無し",IF(AG53<>$Y$6,"DB未登録",IF(OR(I53<AE53,G53>AF53),"階高範囲外",IF(AI53<>1,"推定DB未確認",VLOOKUP(I53,塔内機器_出力②_DB!$A$4:$L$1123,9,TRUE))))))) | Z53: =IF($Y$4<>1,0,IFERROR(VLOOKUP(帳票基本入力!C5,塔内機器_入力①_DB!$C$2:$AA$937,10,FALSE),0)) -> 0 | AA53: =IF(AND(B53<>"",B54<>""),1-IFERROR(IF(AND(COUNT(塔内機器_入力①!N38)=1,塔内機器_入力①!N38>0,塔内機器_入力①!N38<=90000,塔内機器_入力①!N38=ROUNDDOWN(塔内機器_入力①!N38,0)),1,0),0),0) -> 0 | AB53: =IF(AND(B53<>"",B54<>""),0,IF(塔内機器_入力①!N38="",0,1)) -> 0 | AC53: =IF(B53="",0,IF(OR(B52="",AND(B53<>"N",COUNTIF($B$45:$B$68,B53)>1)),1,0)) -> 0 | AD53: =IF(B53="",0,1) -> 0 | AE53: =IF(B53="",0,IFERROR(VLOOKUP(I53,塔内機器_出力②_DB!$A$4:$L$1123,1,TRUE),0)) -> 0 | AF53: =IF(B53="",-1,IFERROR(VLOOKUP(I53,塔内機器_出力②_DB!$A$4:$L$1123,8,TRUE),-1)) -> -1 | AG53: =ROUNDDOWN(AE53/100000,0) -> 0 | AH53: =IF(B53="","未登録",IFERROR(VLOOKUP(I53,塔内機器_出力②_DB!$A$4:$L$1123,12,TRUE),"未登録")) -> 未登録 | AI53: =IF(AH53="QR収録",1,$Y$28) -> 0 | AJ53: =IF(OR(B53="",E53=MAX($E$45:$E$68)),0,IF(AND($Y$6>0,AG53=$Y$6,I53>=AE53,G53<=AF53,AI53=1),0,1)) -> 0
B54: =IF(塔内機器_入力①!K40="", "", 塔内機器_入力①!K40) | C54: =IF(AND(B54<>"",B55<>""),IF(AA54=0,塔内機器_入力①!N42,0),0) -> 0 | E54: =IF(B54="","",SUM($AD$45:AD54)-COUNTIF($B$45:B54,"N")) | F54: =B54 | G54: =IF(B54="N","",SUMIF($E$45:$E$68,E54,$C$45:$C$68)) -> 0 | I54: =IF(B54="","",$Y$6*100000+G54) | K54: =IF(B54="","",IF($Y$15=0,"入力要確認",IF(E54=MAX($E$45:$E$68),"無し",IF(AG54<>$Y$6,"DB未登録",IF(OR(I54<AE54,G54>AF54),"階高範囲外",IF(AI54<>1,"推定DB未確認",VLOOKUP(I54,塔内機器_出力②_DB!$A$4:$L$1123,9,TRUE))))))) | Z54: =IF($Y$4<>1,0,IFERROR(VLOOKUP(帳票基本入力!C5,塔内機器_入力①_DB!$C$2:$AA$937,11,FALSE),0)) -> 0 | AA54: =IF(AND(B54<>"",B55<>""),1-IFERROR(IF(AND(COUNT(塔内機器_入力①!N42)=1,塔内機器_入力①!N42>0,塔内機器_入力①!N42<=90000,塔内機器_入力①!N42=ROUNDDOWN(塔内機器_入力①!N42,0)),1,0),0),0) -> 0 | AB54: =IF(AND(B54<>"",B55<>""),0,IF(塔内機器_入力①!N42="",0,1)) -> 0 | AC54: =IF(B54="",0,IF(OR(B53="",AND(B54<>"N",COUNTIF($B$45:$B$68,B54)>1)),1,0)) -> 0 | AD54: =IF(B54="",0,1) -> 0 | AE54: =IF(B54="",0,IFERROR(VLOOKUP(I54,塔内機器_出力②_DB!$A$4:$L$1123,1,TRUE),0)) -> 0 | AF54: =IF(B54="",-1,IFERROR(VLOOKUP(I54,塔内機器_出力②_DB!$A$4:$L$1123,8,TRUE),-1)) -> -1 | AG54: =ROUNDDOWN(AE54/100000,0) -> 0 | AH54: =IF(B54="","未登録",IFERROR(VLOOKUP(I54,塔内機器_出力②_DB!$A$4:$L$1123,12,TRUE),"未登録")) -> 未登録 | AI54: =IF(AH54="QR収録",1,$Y$28) -> 0 | AJ54: =IF(OR(B54="",E54=MAX($E$45:$E$68)),0,IF(AND($Y$6>0,AG54=$Y$6,I54>=AE54,G54<=AF54,AI54=1),0,1)) -> 0
B55: =IF(塔内機器_入力①!K44="", "", 塔内機器_入力①!K44) | C55: =IF(AND(B55<>"",B56<>""),IF(AA55=0,塔内機器_入力①!N46,0),0) -> 0 | E55: =IF(B55="","",SUM($AD$45:AD55)-COUNTIF($B$45:B55,"N")) | F55: =B55 | G55: =IF(B55="N","",SUMIF($E$45:$E$68,E55,$C$45:$C$68)) -> 0 | I55: =IF(B55="","",$Y$6*100000+G55) | K55: =IF(B55="","",IF($Y$15=0,"入力要確認",IF(E55=MAX($E$45:$E$68),"無し",IF(AG55<>$Y$6,"DB未登録",IF(OR(I55<AE55,G55>AF55),"階高範囲外",IF(AI55<>1,"推定DB未確認",VLOOKUP(I55,塔内機器_出力②_DB!$A$4:$L$1123,9,TRUE))))))) | Z55: =IF($Y$4<>1,0,IFERROR(VLOOKUP(帳票基本入力!C5,塔内機器_入力①_DB!$C$2:$AA$937,12,FALSE),0)) -> 0 | AA55: =IF(AND(B55<>"",B56<>""),1-IFERROR(IF(AND(COUNT(塔内機器_入力①!N46)=1,塔内機器_入力①!N46>0,塔内機器_入力①!N46<=90000,塔内機器_入力①!N46=ROUNDDOWN(塔内機器_入力①!N46,0)),1,0),0),0) -> 0 | AB55: =IF(AND(B55<>"",B56<>""),0,IF(塔内機器_入力①!N46="",0,1)) -> 0 | AC55: =IF(B55="",0,IF(OR(B54="",AND(B55<>"N",COUNTIF($B$45:$B$68,B55)>1)),1,0)) -> 0 | AD55: =IF(B55="",0,1) -> 0 | AE55: =IF(B55="",0,IFERROR(VLOOKUP(I55,塔内機器_出力②_DB!$A$4:$L$1123,1,TRUE),0)) -> 0 | AF55: =IF(B55="",-1,IFERROR(VLOOKUP(I55,塔内機器_出力②_DB!$A$4:$L$1123,8,TRUE),-1)) -> -1 | AG55: =ROUNDDOWN(AE55/100000,0) -> 0 | AH55: =IF(B55="","未登録",IFERROR(VLOOKUP(I55,塔内機器_出力②_DB!$A$4:$L$1123,12,TRUE),"未登録")) -> 未登録 | AI55: =IF(AH55="QR収録",1,$Y$28) -> 0 | AJ55: =IF(OR(B55="",E55=MAX($E$45:$E$68)),0,IF(AND($Y$6>0,AG55=$Y$6,I55>=AE55,G55<=AF55,AI55=1),0,1)) -> 0
B56: =IF(塔内機器_入力①!K48="", "", 塔内機器_入力①!K48) | C56: =IF(AND(B56<>"",B57<>""),IF(AA56=0,塔内機器_入力①!N50,0),0) -> 0 | E56: =IF(B56="","",SUM($AD$45:AD56)-COUNTIF($B$45:B56,"N")) | F56: =B56 | G56: =IF(B56="N","",SUMIF($E$45:$E$68,E56,$C$45:$C$68)) -> 0 | I56: =IF(B56="","",$Y$6*100000+G56) | K56: =IF(B56="","",IF($Y$15=0,"入力要確認",IF(E56=MAX($E$45:$E$68),"無し",IF(AG56<>$Y$6,"DB未登録",IF(OR(I56<AE56,G56>AF56),"階高範囲外",IF(AI56<>1,"推定DB未確認",VLOOKUP(I56,塔内機器_出力②_DB!$A$4:$L$1123,9,TRUE))))))) | Z56: =IF($Y$4<>1,0,IFERROR(VLOOKUP(帳票基本入力!C5,塔内機器_入力①_DB!$C$2:$AA$937,13,FALSE),0)) -> 0 | AA56: =IF(AND(B56<>"",B57<>""),1-IFERROR(IF(AND(COUNT(塔内機器_入力①!N50)=1,塔内機器_入力①!N50>0,塔内機器_入力①!N50<=90000,塔内機器_入力①!N50=ROUNDDOWN(塔内機器_入力①!N50,0)),1,0),0),0) -> 0 | AB56: =IF(AND(B56<>"",B57<>""),0,IF(塔内機器_入力①!N50="",0,1)) -> 0 | AC56: =IF(B56="",0,IF(OR(B55="",AND(B56<>"N",COUNTIF($B$45:$B$68,B56)>1)),1,0)) -> 0 | AD56: =IF(B56="",0,1) -> 0 | AE56: =IF(B56="",0,IFERROR(VLOOKUP(I56,塔内機器_出力②_DB!$A$4:$L$1123,1,TRUE),0)) -> 0 | AF56: =IF(B56="",-1,IFERROR(VLOOKUP(I56,塔内機器_出力②_DB!$A$4:$L$1123,8,TRUE),-1)) -> -1 | AG56: =ROUNDDOWN(AE56/100000,0) -> 0 | AH56: =IF(B56="","未登録",IFERROR(VLOOKUP(I56,塔内機器_出力②_DB!$A$4:$L$1123,12,TRUE),"未登録")) -> 未登録 | AI56: =IF(AH56="QR収録",1,$Y$28) -> 0 | AJ56: =IF(OR(B56="",E56=MAX($E$45:$E$68)),0,IF(AND($Y$6>0,AG56=$Y$6,I56>=AE56,G56<=AF56,AI56=1),0,1)) -> 0
B57: =IF(塔内機器_入力①!K52="", "", 塔内機器_入力①!K52) | C57: =IF(AND(B57<>"",B58<>""),IF(AA57=0,塔内機器_入力①!N54,0),0) -> 0 | E57: =IF(B57="","",SUM($AD$45:AD57)-COUNTIF($B$45:B57,"N")) | F57: =B57 | G57: =IF(B57="N","",SUMIF($E$45:$E$68,E57,$C$45:$C$68)) -> 0 | I57: =IF(B57="","",$Y$6*100000+G57) | K57: =IF(B57="","",IF($Y$15=0,"入力要確認",IF(E57=MAX($E$45:$E$68),"無し",IF(AG57<>$Y$6,"DB未登録",IF(OR(I57<AE57,G57>AF57),"階高範囲外",IF(AI57<>1,"推定DB未確認",VLOOKUP(I57,塔内機器_出力②_DB!$A$4:$L$1123,9,TRUE))))))) | Z57: =IF($Y$4<>1,0,IFERROR(VLOOKUP(帳票基本入力!C5,塔内機器_入力①_DB!$C$2:$AA$937,14,FALSE),0)) -> 0 | AA57: =IF(AND(B57<>"",B58<>""),1-IFERROR(IF(AND(COUNT(塔内機器_入力①!N54)=1,塔内機器_入力①!N54>0,塔内機器_入力①!N54<=90000,塔内機器_入力①!N54=ROUNDDOWN(塔内機器_入力①!N54,0)),1,0),0),0) -> 0 | AB57: =IF(AND(B57<>"",B58<>""),0,IF(塔内機器_入力①!N54="",0,1)) -> 0 | AC57: =IF(B57="",0,IF(OR(B56="",AND(B57<>"N",COUNTIF($B$45:$B$68,B57)>1)),1,0)) -> 0 | AD57: =IF(B57="",0,1) -> 0 | AE57: =IF(B57="",0,IFERROR(VLOOKUP(I57,塔内機器_出力②_DB!$A$4:$L$1123,1,TRUE),0)) -> 0 | AF57: =IF(B57="",-1,IFERROR(VLOOKUP(I57,塔内機器_出力②_DB!$A$4:$L$1123,8,TRUE),-1)) -> -1 | AG57: =ROUNDDOWN(AE57/100000,0) -> 0 | AH57: =IF(B57="","未登録",IFERROR(VLOOKUP(I57,塔内機器_出力②_DB!$A$4:$L$1123,12,TRUE),"未登録")) -> 未登録 | AI57: =IF(AH57="QR収録",1,$Y$28) -> 0 | AJ57: =IF(OR(B57="",E57=MAX($E$45:$E$68)),0,IF(AND($Y$6>0,AG57=$Y$6,I57>=AE57,G57<=AF57,AI57=1),0,1)) -> 0
B58: =IF(塔内機器_入力①!K56="", "", 塔内機器_入力①!K56) | C58: =IF(AND(B58<>"",B59<>""),IF(AA58=0,塔内機器_入力①!N58,0),0) -> 0 | E58: =IF(B58="","",SUM($AD$45:AD58)-COUNTIF($B$45:B58,"N")) | F58: =B58 | G58: =IF(B58="N","",SUMIF($E$45:$E$68,E58,$C$45:$C$68)) -> 0 | I58: =IF(B58="","",$Y$6*100000+G58) | K58: =IF(B58="","",IF($Y$15=0,"入力要確認",IF(E58=MAX($E$45:$E$68),"無し",IF(AG58<>$Y$6,"DB未登録",IF(OR(I58<AE58,G58>AF58),"階高範囲外",IF(AI58<>1,"推定DB未確認",VLOOKUP(I58,塔内機器_出力②_DB!$A$4:$L$1123,9,TRUE))))))) | Z58: =IF($Y$4<>1,0,IFERROR(VLOOKUP(帳票基本入力!C5,塔内機器_入力①_DB!$C$2:$AA$937,15,FALSE),0)) -> 0 | AA58: =IF(AND(B58<>"",B59<>""),1-IFERROR(IF(AND(COUNT(塔内機器_入力①!N58)=1,塔内機器_入力①!N58>0,塔内機器_入力①!N58<=90000,塔内機器_入力①!N58=ROUNDDOWN(塔内機器_入力①!N58,0)),1,0),0),0) -> 0 | AB58: =IF(AND(B58<>"",B59<>""),0,IF(塔内機器_入力①!N58="",0,1)) -> 0 | AC58: =IF(B58="",0,IF(OR(B57="",AND(B58<>"N",COUNTIF($B$45:$B$68,B58)>1)),1,0)) -> 0 | AD58: =IF(B58="",0,1) -> 0 | AE58: =IF(B58="",0,IFERROR(VLOOKUP(I58,塔内機器_出力②_DB!$A$4:$L$1123,1,TRUE),0)) -> 0 | AF58: =IF(B58="",-1,IFERROR(VLOOKUP(I58,塔内機器_出力②_DB!$A$4:$L$1123,8,TRUE),-1)) -> -1 | AG58: =ROUNDDOWN(AE58/100000,0) -> 0 | AH58: =IF(B58="","未登録",IFERROR(VLOOKUP(I58,塔内機器_出力②_DB!$A$4:$L$1123,12,TRUE),"未登録")) -> 未登録 | AI58: =IF(AH58="QR収録",1,$Y$28) -> 0 | AJ58: =IF(OR(B58="",E58=MAX($E$45:$E$68)),0,IF(AND($Y$6>0,AG58=$Y$6,I58>=AE58,G58<=AF58,AI58=1),0,1)) -> 0
B59: =IF(塔内機器_入力①!K60="", "", 塔内機器_入力①!K60) | C59: =IF(AND(B59<>"",B60<>""),IF(AA59=0,塔内機器_入力①!N62,0),0) -> 0 | E59: =IF(B59="","",SUM($AD$45:AD59)-COUNTIF($B$45:B59,"N")) | F59: =B59 | G59: =IF(B59="N","",SUMIF($E$45:$E$68,E59,$C$45:$C$68)) -> 0 | I59: =IF(B59="","",$Y$6*100000+G59) | K59: =IF(B59="","",IF($Y$15=0,"入力要確認",IF(E59=MAX($E$45:$E$68),"無し",IF(AG59<>$Y$6,"DB未登録",IF(OR(I59<AE59,G59>AF59),"階高範囲外",IF(AI59<>1,"推定DB未確認",VLOOKUP(I59,塔内機器_出力②_DB!$A$4:$L$1123,9,TRUE))))))) | Z59: =IF($Y$4<>1,0,IFERROR(VLOOKUP(帳票基本入力!C5,塔内機器_入力①_DB!$C$2:$AA$937,16,FALSE),0)) -> 0 | AA59: =IF(AND(B59<>"",B60<>""),1-IFERROR(IF(AND(COUNT(塔内機器_入力①!N62)=1,塔内機器_入力①!N62>0,塔内機器_入力①!N62<=90000,塔内機器_入力①!N62=ROUNDDOWN(塔内機器_入力①!N62,0)),1,0),0),0) -> 0 | AB59: =IF(AND(B59<>"",B60<>""),0,IF(塔内機器_入力①!N62="",0,1)) -> 0 | AC59: =IF(B59="",0,IF(OR(B58="",AND(B59<>"N",COUNTIF($B$45:$B$68,B59)>1)),1,0)) -> 0 | AD59: =IF(B59="",0,1) -> 0 | AE59: =IF(B59="",0,IFERROR(VLOOKUP(I59,塔内機器_出力②_DB!$A$4:$L$1123,1,TRUE),0)) -> 0 | AF59: =IF(B59="",-1,IFERROR(VLOOKUP(I59,塔内機器_出力②_DB!$A$4:$L$1123,8,TRUE),-1)) -> -1 | AG59: =ROUNDDOWN(AE59/100000,0) -> 0 | AH59: =IF(B59="","未登録",IFERROR(VLOOKUP(I59,塔内機器_出力②_DB!$A$4:$L$1123,12,TRUE),"未登録")) -> 未登録 | AI59: =IF(AH59="QR収録",1,$Y$28) -> 0 | AJ59: =IF(OR(B59="",E59=MAX($E$45:$E$68)),0,IF(AND($Y$6>0,AG59=$Y$6,I59>=AE59,G59<=AF59,AI59=1),0,1)) -> 0
B60: =IF(塔内機器_入力①!K64="", "", 塔内機器_入力①!K64) | C60: =IF(AND(B60<>"",B61<>""),IF(AA60=0,塔内機器_入力①!N66,0),0) -> 0 | E60: =IF(B60="","",SUM($AD$45:AD60)-COUNTIF($B$45:B60,"N")) | F60: =B60 | G60: =IF(B60="N","",SUMIF($E$45:$E$68,E60,$C$45:$C$68)) -> 0 | I60: =IF(B60="","",$Y$6*100000+G60) | K60: =IF(B60="","",IF($Y$15=0,"入力要確認",IF(E60=MAX($E$45:$E$68),"無し",IF(AG60<>$Y$6,"DB未登録",IF(OR(I60<AE60,G60>AF60),"階高範囲外",IF(AI60<>1,"推定DB未確認",VLOOKUP(I60,塔内機器_出力②_DB!$A$4:$L$1123,9,TRUE))))))) | Z60: =IF($Y$4<>1,0,IFERROR(VLOOKUP(帳票基本入力!C5,塔内機器_入力①_DB!$C$2:$AA$937,17,FALSE),0)) -> 0 | AA60: =IF(AND(B60<>"",B61<>""),1-IFERROR(IF(AND(COUNT(塔内機器_入力①!N66)=1,塔内機器_入力①!N66>0,塔内機器_入力①!N66<=90000,塔内機器_入力①!N66=ROUNDDOWN(塔内機器_入力①!N66,0)),1,0),0),0) -> 0 | AB60: =IF(AND(B60<>"",B61<>""),0,IF(塔内機器_入力①!N66="",0,1)) -> 0 | AC60: =IF(B60="",0,IF(OR(B59="",AND(B60<>"N",COUNTIF($B$45:$B$68,B60)>1)),1,0)) -> 0 | AD60: =IF(B60="",0,1) -> 0 | AE60: =IF(B60="",0,IFERROR(VLOOKUP(I60,塔内機器_出力②_DB!$A$4:$L$1123,1,TRUE),0)) -> 0 | AF60: =IF(B60="",-1,IFERROR(VLOOKUP(I60,塔内機器_出力②_DB!$A$4:$L$1123,8,TRUE),-1)) -> -1 | AG60: =ROUNDDOWN(AE60/100000,0) -> 0 | AH60: =IF(B60="","未登録",IFERROR(VLOOKUP(I60,塔内機器_出力②_DB!$A$4:$L$1123,12,TRUE),"未登録")) -> 未登録 | AI60: =IF(AH60="QR収録",1,$Y$28) -> 0 | AJ60: =IF(OR(B60="",E60=MAX($E$45:$E$68)),0,IF(AND($Y$6>0,AG60=$Y$6,I60>=AE60,G60<=AF60,AI60=1),0,1)) -> 0
B61: =IF(塔内機器_入力①!T36="", "", 塔内機器_入力①!T36) | C61: =IF(AND(B61<>"",B62<>""),IF(AA61=0,塔内機器_入力①!W38,0),0) -> 0 | E61: =IF(B61="","",SUM($AD$45:AD61)-COUNTIF($B$45:B61,"N")) | F61: =B61 | G61: =IF(B61="N","",SUMIF($E$45:$E$68,E61,$C$45:$C$68)) -> 0 | I61: =IF(B61="","",$Y$6*100000+G61) | K61: =IF(B61="","",IF($Y$15=0,"入力要確認",IF(E61=MAX($E$45:$E$68),"無し",IF(AG61<>$Y$6,"DB未登録",IF(OR(I61<AE61,G61>AF61),"階高範囲外",IF(AI61<>1,"推定DB未確認",VLOOKUP(I61,塔内機器_出力②_DB!$A$4:$L$1123,9,TRUE))))))) | Z61: =IF($Y$4<>1,0,IFERROR(VLOOKUP(帳票基本入力!C5,塔内機器_入力①_DB!$C$2:$AA$937,18,FALSE),0)) -> 0 | AA61: =IF(AND(B61<>"",B62<>""),1-IFERROR(IF(AND(COUNT(塔内機器_入力①!W38)=1,塔内機器_入力①!W38>0,塔内機器_入力①!W38<=90000,塔内機器_入力①!W38=ROUNDDOWN(塔内機器_入力①!W38,0)),1,0),0),0) -> 0 | AB61: =IF(AND(B61<>"",B62<>""),0,IF(塔内機器_入力①!W38="",0,1)) -> 0 | AC61: =IF(B61="",0,IF(OR(B60="",AND(B61<>"N",COUNTIF($B$45:$B$68,B61)>1)),1,0)) -> 0 | AD61: =IF(B61="",0,1) -> 0 | AE61: =IF(B61="",0,IFERROR(VLOOKUP(I61,塔内機器_出力②_DB!$A$4:$L$1123,1,TRUE),0)) -> 0 | AF61: =IF(B61="",-1,IFERROR(VLOOKUP(I61,塔内機器_出力②_DB!$A$4:$L$1123,8,TRUE),-1)) -> -1 | AG61: =ROUNDDOWN(AE61/100000,0) -> 0 | AH61: =IF(B61="","未登録",IFERROR(VLOOKUP(I61,塔内機器_出力②_DB!$A$4:$L$1123,12,TRUE),"未登録")) -> 未登録 | AI61: =IF(AH61="QR収録",1,$Y$28) -> 0 | AJ61: =IF(OR(B61="",E61=MAX($E$45:$E$68)),0,IF(AND($Y$6>0,AG61=$Y$6,I61>=AE61,G61<=AF61,AI61=1),0,1)) -> 0
B62: =IF(塔内機器_入力①!T40="", "", 塔内機器_入力①!T40) | C62: =IF(AND(B62<>"",B63<>""),IF(AA62=0,塔内機器_入力①!W42,0),0) -> 0 | E62: =IF(B62="","",SUM($AD$45:AD62)-COUNTIF($B$45:B62,"N")) | F62: =B62 | G62: =IF(B62="N","",SUMIF($E$45:$E$68,E62,$C$45:$C$68)) -> 0 | I62: =IF(B62="","",$Y$6*100000+G62) | K62: =IF(B62="","",IF($Y$15=0,"入力要確認",IF(E62=MAX($E$45:$E$68),"無し",IF(AG62<>$Y$6,"DB未登録",IF(OR(I62<AE62,G62>AF62),"階高範囲外",IF(AI62<>1,"推定DB未確認",VLOOKUP(I62,塔内機器_出力②_DB!$A$4:$L$1123,9,TRUE))))))) | Z62: =IF($Y$4<>1,0,IFERROR(VLOOKUP(帳票基本入力!C5,塔内機器_入力①_DB!$C$2:$AA$937,19,FALSE),0)) -> 0 | AA62: =IF(AND(B62<>"",B63<>""),1-IFERROR(IF(AND(COUNT(塔内機器_入力①!W42)=1,塔内機器_入力①!W42>0,塔内機器_入力①!W42<=90000,塔内機器_入力①!W42=ROUNDDOWN(塔内機器_入力①!W42,0)),1,0),0),0) -> 0 | AB62: =IF(AND(B62<>"",B63<>""),0,IF(塔内機器_入力①!W42="",0,1)) -> 0 | AC62: =IF(B62="",0,IF(OR(B61="",AND(B62<>"N",COUNTIF($B$45:$B$68,B62)>1)),1,0)) -> 0 | AD62: =IF(B62="",0,1) -> 0 | AE62: =IF(B62="",0,IFERROR(VLOOKUP(I62,塔内機器_出力②_DB!$A$4:$L$1123,1,TRUE),0)) -> 0 | AF62: =IF(B62="",-1,IFERROR(VLOOKUP(I62,塔内機器_出力②_DB!$A$4:$L$1123,8,TRUE),-1)) -> -1 | AG62: =ROUNDDOWN(AE62/100000,0) -> 0 | AH62: =IF(B62="","未登録",IFERROR(VLOOKUP(I62,塔内機器_出力②_DB!$A$4:$L$1123,12,TRUE),"未登録")) -> 未登録 | AI62: =IF(AH62="QR収録",1,$Y$28) -> 0 | AJ62: =IF(OR(B62="",E62=MAX($E$45:$E$68)),0,IF(AND($Y$6>0,AG62=$Y$6,I62>=AE62,G62<=AF62,AI62=1),0,1)) -> 0
B63: =IF(塔内機器_入力①!T44="", "", 塔内機器_入力①!T44) | C63: =IF(AND(B63<>"",B64<>""),IF(AA63=0,塔内機器_入力①!W46,0),0) -> 0 | E63: =IF(B63="","",SUM($AD$45:AD63)-COUNTIF($B$45:B63,"N")) | F63: =B63 | G63: =IF(B63="N","",SUMIF($E$45:$E$68,E63,$C$45:$C$68)) -> 0 | I63: =IF(B63="","",$Y$6*100000+G63) | K63: =IF(B63="","",IF($Y$15=0,"入力要確認",IF(E63=MAX($E$45:$E$68),"無し",IF(AG63<>$Y$6,"DB未登録",IF(OR(I63<AE63,G63>AF63),"階高範囲外",IF(AI63<>1,"推定DB未確認",VLOOKUP(I63,塔内機器_出力②_DB!$A$4:$L$1123,9,TRUE))))))) | Z63: =IF($Y$4<>1,0,IFERROR(VLOOKUP(帳票基本入力!C5,塔内機器_入力①_DB!$C$2:$AA$937,20,FALSE),0)) -> 0 | AA63: =IF(AND(B63<>"",B64<>""),1-IFERROR(IF(AND(COUNT(塔内機器_入力①!W46)=1,塔内機器_入力①!W46>0,塔内機器_入力①!W46<=90000,塔内機器_入力①!W46=ROUNDDOWN(塔内機器_入力①!W46,0)),1,0),0),0) -> 0 | AB63: =IF(AND(B63<>"",B64<>""),0,IF(塔内機器_入力①!W46="",0,1)) -> 0 | AC63: =IF(B63="",0,IF(OR(B62="",AND(B63<>"N",COUNTIF($B$45:$B$68,B63)>1)),1,0)) -> 0 | AD63: =IF(B63="",0,1) -> 0 | AE63: =IF(B63="",0,IFERROR(VLOOKUP(I63,塔内機器_出力②_DB!$A$4:$L$1123,1,TRUE),0)) -> 0 | AF63: =IF(B63="",-1,IFERROR(VLOOKUP(I63,塔内機器_出力②_DB!$A$4:$L$1123,8,TRUE),-1)) -> -1 | AG63: =ROUNDDOWN(AE63/100000,0) -> 0 | AH63: =IF(B63="","未登録",IFERROR(VLOOKUP(I63,塔内機器_出力②_DB!$A$4:$L$1123,12,TRUE),"未登録")) -> 未登録 | AI63: =IF(AH63="QR収録",1,$Y$28) -> 0 | AJ63: =IF(OR(B63="",E63=MAX($E$45:$E$68)),0,IF(AND($Y$6>0,AG63=$Y$6,I63>=AE63,G63<=AF63,AI63=1),0,1)) -> 0
B64: =IF(塔内機器_入力①!T48="", "", 塔内機器_入力①!T48) | C64: =IF(AND(B64<>"",B65<>""),IF(AA64=0,塔内機器_入力①!W50,0),0) -> 0 | E64: =IF(B64="","",SUM($AD$45:AD64)-COUNTIF($B$45:B64,"N")) | F64: =B64 | G64: =IF(B64="N","",SUMIF($E$45:$E$68,E64,$C$45:$C$68)) -> 0 | I64: =IF(B64="","",$Y$6*100000+G64) | K64: =IF(B64="","",IF($Y$15=0,"入力要確認",IF(E64=MAX($E$45:$E$68),"無し",IF(AG64<>$Y$6,"DB未登録",IF(OR(I64<AE64,G64>AF64),"階高範囲外",IF(AI64<>1,"推定DB未確認",VLOOKUP(I64,塔内機器_出力②_DB!$A$4:$L$1123,9,TRUE))))))) | Z64: =IF($Y$4<>1,0,IFERROR(VLOOKUP(帳票基本入力!C5,塔内機器_入力①_DB!$C$2:$AA$937,21,FALSE),0)) -> 0 | AA64: =IF(AND(B64<>"",B65<>""),1-IFERROR(IF(AND(COUNT(塔内機器_入力①!W50)=1,塔内機器_入力①!W50>0,塔内機器_入力①!W50<=90000,塔内機器_入力①!W50=ROUNDDOWN(塔内機器_入力①!W50,0)),1,0),0),0) -> 0 | AB64: =IF(AND(B64<>"",B65<>""),0,IF(塔内機器_入力①!W50="",0,1)) -> 0 | AC64: =IF(B64="",0,IF(OR(B63="",AND(B64<>"N",COUNTIF($B$45:$B$68,B64)>1)),1,0)) -> 0 | AD64: =IF(B64="",0,1) -> 0 | AE64: =IF(B64="",0,IFERROR(VLOOKUP(I64,塔内機器_出力②_DB!$A$4:$L$1123,1,TRUE),0)) -> 0 | AF64: =IF(B64="",-1,IFERROR(VLOOKUP(I64,塔内機器_出力②_DB!$A$4:$L$1123,8,TRUE),-1)) -> -1 | AG64: =ROUNDDOWN(AE64/100000,0) -> 0 | AH64: =IF(B64="","未登録",IFERROR(VLOOKUP(I64,塔内機器_出力②_DB!$A$4:$L$1123,12,TRUE),"未登録")) -> 未登録 | AI64: =IF(AH64="QR収録",1,$Y$28) -> 0 | AJ64: =IF(OR(B64="",E64=MAX($E$45:$E$68)),0,IF(AND($Y$6>0,AG64=$Y$6,I64>=AE64,G64<=AF64,AI64=1),0,1)) -> 0
B65: =IF(塔内機器_入力①!T52="", "", 塔内機器_入力①!T52) | C65: =IF(AND(B65<>"",B66<>""),IF(AA65=0,塔内機器_入力①!W54,0),0) -> 0 | E65: =IF(B65="","",SUM($AD$45:AD65)-COUNTIF($B$45:B65,"N")) | F65: =B65 | G65: =IF(B65="N","",SUMIF($E$45:$E$68,E65,$C$45:$C$68)) -> 0 | I65: =IF(B65="","",$Y$6*100000+G65) | K65: =IF(B65="","",IF($Y$15=0,"入力要確認",IF(E65=MAX($E$45:$E$68),"無し",IF(AG65<>$Y$6,"DB未登録",IF(OR(I65<AE65,G65>AF65),"階高範囲外",IF(AI65<>1,"推定DB未確認",VLOOKUP(I65,塔内機器_出力②_DB!$A$4:$L$1123,9,TRUE))))))) | Z65: =IF($Y$4<>1,0,IFERROR(VLOOKUP(帳票基本入力!C5,塔内機器_入力①_DB!$C$2:$AA$937,22,FALSE),0)) -> 0 | AA65: =IF(AND(B65<>"",B66<>""),1-IFERROR(IF(AND(COUNT(塔内機器_入力①!W54)=1,塔内機器_入力①!W54>0,塔内機器_入力①!W54<=90000,塔内機器_入力①!W54=ROUNDDOWN(塔内機器_入力①!W54,0)),1,0),0),0) -> 0 | AB65: =IF(AND(B65<>"",B66<>""),0,IF(塔内機器_入力①!W54="",0,1)) -> 0 | AC65: =IF(B65="",0,IF(OR(B64="",AND(B65<>"N",COUNTIF($B$45:$B$68,B65)>1)),1,0)) -> 0 | AD65: =IF(B65="",0,1) -> 0 | AE65: =IF(B65="",0,IFERROR(VLOOKUP(I65,塔内機器_出力②_DB!$A$4:$L$1123,1,TRUE),0)) -> 0 | AF65: =IF(B65="",-1,IFERROR(VLOOKUP(I65,塔内機器_出力②_DB!$A$4:$L$1123,8,TRUE),-1)) -> -1 | AG65: =ROUNDDOWN(AE65/100000,0) -> 0 | AH65: =IF(B65="","未登録",IFERROR(VLOOKUP(I65,塔内機器_出力②_DB!$A$4:$L$1123,12,TRUE),"未登録")) -> 未登録 | AI65: =IF(AH65="QR収録",1,$Y$28) -> 0 | AJ65: =IF(OR(B65="",E65=MAX($E$45:$E$68)),0,IF(AND($Y$6>0,AG65=$Y$6,I65>=AE65,G65<=AF65,AI65=1),0,1)) -> 0
B66: =IF(塔内機器_入力①!T56="", "", 塔内機器_入力①!T56) | C66: =IF(AND(B66<>"",B67<>""),IF(AA66=0,塔内機器_入力①!W58,0),0) -> 0 | E66: =IF(B66="","",SUM($AD$45:AD66)-COUNTIF($B$45:B66,"N")) | F66: =B66 | G66: =IF(B66="N","",SUMIF($E$45:$E$68,E66,$C$45:$C$68)) -> 0 | I66: =IF(B66="","",$Y$6*100000+G66) | K66: =IF(B66="","",IF($Y$15=0,"入力要確認",IF(E66=MAX($E$45:$E$68),"無し",IF(AG66<>$Y$6,"DB未登録",IF(OR(I66<AE66,G66>AF66),"階高範囲外",IF(AI66<>1,"推定DB未確認",VLOOKUP(I66,塔内機器_出力②_DB!$A$4:$L$1123,9,TRUE))))))) | Z66: =IF($Y$4<>1,0,IFERROR(VLOOKUP(帳票基本入力!C5,塔内機器_入力①_DB!$C$2:$AA$937,23,FALSE),0)) -> 0 | AA66: =IF(AND(B66<>"",B67<>""),1-IFERROR(IF(AND(COUNT(塔内機器_入力①!W58)=1,塔内機器_入力①!W58>0,塔内機器_入力①!W58<=90000,塔内機器_入力①!W58=ROUNDDOWN(塔内機器_入力①!W58,0)),1,0),0),0) -> 0 | AB66: =IF(AND(B66<>"",B67<>""),0,IF(塔内機器_入力①!W58="",0,1)) -> 0 | AC66: =IF(B66="",0,IF(OR(B65="",AND(B66<>"N",COUNTIF($B$45:$B$68,B66)>1)),1,0)) -> 0 | AD66: =IF(B66="",0,1) -> 0 | AE66: =IF(B66="",0,IFERROR(VLOOKUP(I66,塔内機器_出力②_DB!$A$4:$L$1123,1,TRUE),0)) -> 0 | AF66: =IF(B66="",-1,IFERROR(VLOOKUP(I66,塔内機器_出力②_DB!$A$4:$L$1123,8,TRUE),-1)) -> -1 | AG66: =ROUNDDOWN(AE66/100000,0) -> 0 | AH66: =IF(B66="","未登録",IFERROR(VLOOKUP(I66,塔内機器_出力②_DB!$A$4:$L$1123,12,TRUE),"未登録")) -> 未登録 | AI66: =IF(AH66="QR収録",1,$Y$28) -> 0 | AJ66: =IF(OR(B66="",E66=MAX($E$45:$E$68)),0,IF(AND($Y$6>0,AG66=$Y$6,I66>=AE66,G66<=AF66,AI66=1),0,1)) -> 0
B67: =IF(塔内機器_入力①!T60="", "", 塔内機器_入力①!T60) | C67: =IF(AND(B67<>"",B68<>""),IF(AA67=0,塔内機器_入力①!W62,0),0) -> 0 | E67: =IF(B67="","",SUM($AD$45:AD67)-COUNTIF($B$45:B67,"N")) | F67: =B67 | G67: =IF(B67="N","",SUMIF($E$45:$E$68,E67,$C$45:$C$68)) -> 0 | I67: =IF(B67="","",$Y$6*100000+G67) | K67: =IF(B67="","",IF($Y$15=0,"入力要確認",IF(E67=MAX($E$45:$E$68),"無し",IF(AG67<>$Y$6,"DB未登録",IF(OR(I67<AE67,G67>AF67),"階高範囲外",IF(AI67<>1,"推定DB未確認",VLOOKUP(I67,塔内機器_出力②_DB!$A$4:$L$1123,9,TRUE))))))) | Z67: =IF($Y$4<>1,0,IFERROR(VLOOKUP(帳票基本入力!C5,塔内機器_入力①_DB!$C$2:$AA$937,24,FALSE),0)) -> 0 | AA67: =IF(AND(B67<>"",B68<>""),1-IFERROR(IF(AND(COUNT(塔内機器_入力①!W62)=1,塔内機器_入力①!W62>0,塔内機器_入力①!W62<=90000,塔内機器_入力①!W62=ROUNDDOWN(塔内機器_入力①!W62,0)),1,0),0),0) -> 0 | AB67: =IF(AND(B67<>"",B68<>""),0,IF(塔内機器_入力①!W62="",0,1)) -> 0 | AC67: =IF(B67="",0,IF(OR(B66="",AND(B67<>"N",COUNTIF($B$45:$B$68,B67)>1)),1,0)) -> 0 | AD67: =IF(B67="",0,1) -> 0 | AE67: =IF(B67="",0,IFERROR(VLOOKUP(I67,塔内機器_出力②_DB!$A$4:$L$1123,1,TRUE),0)) -> 0 | AF67: =IF(B67="",-1,IFERROR(VLOOKUP(I67,塔内機器_出力②_DB!$A$4:$L$1123,8,TRUE),-1)) -> -1 | AG67: =ROUNDDOWN(AE67/100000,0) -> 0 | AH67: =IF(B67="","未登録",IFERROR(VLOOKUP(I67,塔内機器_出力②_DB!$A$4:$L$1123,12,TRUE),"未登録")) -> 未登録 | AI67: =IF(AH67="QR収録",1,$Y$28) -> 0 | AJ67: =IF(OR(B67="",E67=MAX($E$45:$E$68)),0,IF(AND($Y$6>0,AG67=$Y$6,I67>=AE67,G67<=AF67,AI67=1),0,1)) -> 0
B68: =IF(塔内機器_入力①!T64="", "", 塔内機器_入力①!T64) | C68: 0 | E68: =IF(B68="","",SUM($AD$45:AD68)-COUNTIF($B$45:B68,"N")) | F68: =B68 | G68: =IF(B68="N","",SUMIF($E$45:$E$68,E68,$C$45:$C$68)) -> 0 | I68: =IF(B68="","",$Y$6*100000+G68) | K68: =IF(B68="","",IF($Y$15=0,"入力要確認",IF(E68=MAX($E$45:$E$68),"無し",IF(AG68<>$Y$6,"DB未登録",IF(OR(I68<AE68,G68>AF68),"階高範囲外",IF(AI68<>1,"推定DB未確認",VLOOKUP(I68,塔内機器_出力②_DB!$A$4:$L$1123,9,TRUE))))))) | Z68: =IF($Y$4<>1,0,IFERROR(VLOOKUP(帳票基本入力!C5,塔内機器_入力①_DB!$C$2:$AA$937,25,FALSE),0)) -> 0 | AA68: 0 | AB68: 0 | AC68: =IF(B68="",0,IF(OR(B67="",AND(B68<>"N",COUNTIF($B$45:$B$68,B68)>1)),1,0)) -> 0 | AD68: =IF(B68="",0,1) -> 0 | AE68: =IF(B68="",0,IFERROR(VLOOKUP(I68,塔内機器_出力②_DB!$A$4:$L$1123,1,TRUE),0)) -> 0 | AF68: =IF(B68="",-1,IFERROR(VLOOKUP(I68,塔内機器_出力②_DB!$A$4:$L$1123,8,TRUE),-1)) -> -1 | AG68: =ROUNDDOWN(AE68/100000,0) -> 0 | AH68: =IF(B68="","未登録",IFERROR(VLOOKUP(I68,塔内機器_出力②_DB!$A$4:$L$1123,12,TRUE),"未登録")) -> 未登録 | AI68: =IF(AH68="QR収録",1,$Y$28) -> 0 | AJ68: =IF(OR(B68="",E68=MAX($E$45:$E$68)),0,IF(AND($Y$6>0,AG68=$Y$6,I68>=AE68,G68<=AF68,AI68=1),0,1)) -> 0

Sheet 塔内機器_入力①_DB
A1: No. | B1: 区分 | C1: 階床名 | D1: 1(最下階) | E1: 2 | F1: 3 | G1: 4 | H1: 5 | I1: 6 | J1: 7 | K1: 8 | L1: 9 | M1: 10 | N1: 11 | O1: 12 | P1: 13 | Q1: 14 | R1: 15 | S1: 16 | T1: 17 | U1: 18 | V1: 19 | W1: 20 | X1: 21 | Y1: 22 | Z1: 23 | AA1: 24 | AB1: 補完根拠 | AC1: 確認区分
A2: 1 | B2: 既存 | C2: B5-B2,B1N,1 | D2: B5 | E2: B4 | F2: B3 | G2: B2 | H2: B1N | I2: 1 | AB2: QR収録 | AC2: 原データ
A3: 2 | B3: 既存 | C3: B5-B1,1 | D3: B5 | E3: B4 | F3: B3 | G3: B2 | H3: B1 | I3: 1 | AB3: QR収録 | AC3: 原データ
A4: 3 | B4: 既存 | C4: B5,B3,B2 | D4: B5 | E4: B3 | F4: B2 | AB4: QR収録 | AC4: 原データ
A5: 4 | B5: 既存 | C5: B4,B3N,B2N,B1U | D5: B4 | E5: B3N | F5: B2N | G5: B1U | AB5: QR収録 | AC5: 原データ
A6: 5 | B6: 既存 | C6: B4-B3 | D6: B4 | E6: B3 | AB6: QR収録 | AC6: 原データ
A7: 6 | B7: 既存 | C7: B4-B1 | D7: B4 | E7: B3 | F7: B2 | G7: B1 | AB7: QR収録 | AC7: 原データ
A8: 7 | B8: 既存 | C8: B4,B3,B2,B1,1 | D8: B4 | E8: B3 | F8: B2 | G8: B1 | H8: 1 | AB8: QR収録 | AC8: 原データ
A9: 8 | B9: 既存 | C9: B4-B1,1 | D9: B4 | E9: B3 | F9: B2 | G9: B1 | H9: 1 | AB9: QR収録 | AC9: 原データ
A10: 9 | B10: 既存 | C10: B4-B3,B1,1 | D10: B4 | E10: B3 | F10: B1 | G10: 1 | AB10: QR収録 | AC10: 原データ
A11: 10 | B11: 既存 | C11: B3,B2N-B1N,1-2 | D11: B3 | E11: B2N | F11: B1N | G11: 1 | H11: 2 | AB11: QR収録 | AC11: 原データ
A12: 11 | B12: 既存 | C12: B3,B2N,B1,1 | D12: B3 | E12: B2N | F12: B1 | G12: 1 | AB12: QR収録 | AC12: 原データ
A13: 12 | B13: 既存 | C13: B3,B2 | D13: B3 | E13: B2 | AB13: QR収録 | AC13: 原データ
A14: 13 | B14: 既存 | C14: B3-B2 | D14: B3 | E14: B2 | AB14: QR収録 | AC14: 原データ
A15: 14 | B15: 既存 | C15: B3,B2,B1N,1 | D15: B3 | E15: B2 | F15: B1N | G15: 1 | AB15: QR収録 | AC15: 原データ
A16: 15 | B16: 既存 | C16: B3-B2,B1N,1,2N-4N,5- | D16: B3 | E16: B2 | F16: B1N | G16: 1 | H16: 2N | I16: 3N | J16: 4N | K16: 5- | AB16: QR収録 | AC16: 原データ
A17: 16 | B17: 既存 | C17: B3,B2,B1 | D17: B3 | E17: B2 | F17: B1 | AB17: QR収録 | AC17: 原データ
A18: 17 | B18: 既存 | C18: B3-B1 | D18: B3 | E18: B2 | F18: B1 | AB18: QR収録 | AC18: 原データ
A19: 18 | B19: 既存 | C19: B3,B2,B1,B1U,1-5,5U | D19: B3 | E19: B2 | F19: B1 | G19: B1U | H19: 1 | I19: 2 | J19: 3 | K19: 4 | L19: 5 | M19: 5U | AB19: QR収録 | AC19: 原データ
A20: 19 | B20: 既存 | C20: B3,B2,B1,1 | D20: B3 | E20: B2 | F20: B1 | G20: 1 | AB20: QR収録 | AC20: 原データ
A21: 20 | B21: 既存 | C21: B3-B1,1 | D21: B3 | E21: B2 | F21: B1 | G21: 1 | AB21: QR収録 | AC21: 原データ
A22: 21 | B22: 既存 | C22: B3-B1,1-2 | D22: B3 | E22: B2 | F22: B1 | G22: 1 | H22: 2 | AB22: QR収録 | AC22: 原データ
A23: 22 | B23: 既存 | C23: B3-B1,1-3 | D23: B3 | E23: B2 | F23: B1 | G23: 1 | H23: 2 | I23: 3 | AB23: QR収録 | AC23: 原データ
A24: 23 | B24: 既存 | C24: B3,B2,B1,1-3,4N,5,6 | D24: B3 | E24: B2 | F24: B1 | G24: 1 | H24: 2 | I24: 3 | J24: 4N | K24: 5 | L24: 6 | AB24: QR収録 | AC24: 原データ
A25: 24 | B25: 既存 | C25: B3-B1,1-4 | D25: B3 | E25: B2 | F25: B1 | G25: 1 | H25: 2 | I25: 3 | J25: 4 | AB25: QR収録 | AC25: 原データ
A26: 25 | B26: 既存 | C26: B3-B1,1-5 | D26: B3 | E26: B2 | F26: B1 | G26: 1 | H26: 2 | I26: 3 | J26: 4 | K26: 5 | AB26: QR収録 | AC26: 原データ
A27: 26 | B27: 既存 | C27: B3,B2,B1,1-6 | D27: B3 | E27: B2 | F27: B1 | G27: 1 | H27: 2 | I27: 3 | J27: 4 | K27: 5 | L27: 6 | AB27: QR収録 | AC27: 原データ
A28: 27 | B28: 既存 | C28: B3-B1,1-13 | D28: B3 | E28: B2 | F28: B1 | G28: 1 | H28: 2 | I28: 3 | J28: 4 | K28: 5 | L28: 6 | M28: 7 | N28: 8 | O28: 9 | P28: 10 | Q28: 11 | R28: 12 | S28: 13 | AB28: QR収録 | AC28: 原データ
A29: 28 | B29: 既存 | C29: B3,B2,B1,1-14 | D29: B3 | E29: B2 | F29: B1 | G29: 1 | H29: 2 | I29: 3 | J29: 4 | K29: 5 | L29: 6 | M29: 7 | N29: 8 | O29: 9 | P29: 10 | Q29: 11 | R29: 12 | S29: 13 | T29: 14 | AB29: QR収録 | AC29: 原データ
A30: 29 | B30: 既存 | C30: B3-B1,1-3,R | D30: B3 | E30: B2 | F30: B1 | G30: 1 | H30: 2 | I30: 3 | J30: R | AB30: QR収録 | AC30: 原データ
A31: 30 | B31: 既存 | C31: B3,B2,1 | D31: B3 | E31: B2 | F31: 1 | AB31: QR収録 | AC31: 原データ
A32: 31 | B32: 既存 | C32: B3,B2U,B1 | D32: B3 | E32: B2U | F32: B1 | AB32: QR収録 | AC32: 原データ
A33: 32 | B33: 既存 | C33: B3,B2U,B1U,1U | D33: B3 | E33: B2U | F33: B1U | G33: 1U | AB33: QR収録 | AC33: 原データ
A34: 33 | B34: 既存 | C34: B3,B1N,1 | D34: B3 | E34: B1N | F34: 1 | AB34: QR収録 | AC34: 原データ
A35: 34 | B35: 既存 | C35: B3,B1 | D35: B3 | E35: B1 | AB35: QR収録 | AC35: 原データ
A36: 35 | B36: 既存 | C36: B3,B1,1 | D36: B3 | E36: B1 | F36: 1 | AB36: QR収録 | AC36: 原データ
A37: 36 | B37: 既存 | C37: B3,1 | D37: B3 | E37: 1 | AB37: QR収録 | AC37: 原データ
A38: 37 | B38: 既存 | C38: B2,B1N,1 | D38: B2 | E38: B1N | F38: 1 | AB38: QR収録 | AC38: 原データ
A39: 38 | B39: 既存 | C39: B2,B1N,1,2N,3-6 | D39: B2 | E39: B1N | F39: 1 | G39: 2N | H39: 3 | I39: 4 | J39: 5 | K39: 6 | AB39: QR収録 | AC39: 原データ
A40: 39 | B40: 既存 | C40: B2,B1N,1-2 | D40: B2 | E40: B1N | F40: 1 | G40: 2 | AB40: QR収録 | AC40: 原データ
A41: 40 | B41: 既存 | C41: B2,B1N,1,2,3N,4,5 | D41: B2 | E41: B1N | F41: 1 | G41: 2 | H41: 3N | I41: 4 | J41: 5 | AB41: QR収録 | AC41: 原データ
A42: 41 | B42: 既存 | C42: B2,B1N,1-7 | D42: B2 | E42: B1N | F42: 1 | G42: 2 | H42: 3 | I42: 4 | J42: 5 | K42: 6 | L42: 7 | AB42: QR収録 | AC42: 原データ
A43: 42 | B43: 既存 | C43: B2,B1 | D43: B2 | E43: B1 | AB43: QR収録 | AC43: 原データ
A44: 43 | B44: 既存 | C44: B2-B1 | D44: B2 | E44: B1 | AB44: QR収録 | AC44: 原データ
A45: 44 | B45: 既存 | C45: B2-B1,LB | D45: B2 | E45: B1 | F45: LB | AB45: QR収録 | AC45: 原データ
A46: 45 | B46: 既存 | C46: B2,B1,1 | D46: B2 | E46: B1 | F46: 1 | AB46: QR収録 | AC46: 原データ
A47: 46 | B47: 追加 | C47: B2,B1,1-1 | D47: B2 | E47: B1 | F47: 1 | AB47: QR収録 | AC47: 原データ
A48: 47 | B48: 既存 | C48: B2-B1,1 | D48: B2 | E48: B1 | F48: 1 | AB48: QR収録 | AC48: 原データ
A49: 48 | B49: 既存 | C49: B2,B1,1,1U,2-12 | D49: B2 | E49: B1 | F49: 1 | G49: 1U | H49: 2 | I49: 3 | J49: 4 | K49: 5 | L49: 6 | M49: 7 | N49: 8 | O49: 9 | P49: 10 | Q49: 11 | R49: 12 | AB49: QR収録 | AC49: 原データ
A50: 49 | B50: 既存 | C50: B2,B1,1,1U,2-12,R | D50: B2 | E50: B1 | F50: 1 | G50: 1U | H50: 2 | I50: 3 | J50: 4 | K50: 5 | L50: 6 | M50: 7 | N50: 8 | O50: 9 | P50: 10 | Q50: 11 | R50: 12 | S50: R | AB50: QR収録 | AC50: 原データ
A51: 50 | B51: 既存 | C51: B2-B1,1,2N-6N,7 | D51: B2 | E51: B1 | F51: 1 | G51: 2N | H51: 3N | I51: 4N | J51: 5N | K51: 6N | L51: 7 | AB51: QR収録 | AC51: 原データ
A52: 51 | B52: 既存 | C52: B2-B1,1,2N,3-9 | D52: B2 | E52: B1 | F52: 1 | G52: 2N | H52: 3 | I52: 4 | J52: 5 | K52: 6 | L52: 7 | M52: 8 | N52: 9 | AB52: QR収録 | AC52: 原データ
A53: 52 | B53: 既存 | C53: B2,B1,1,2 | D53: B2 | E53: B1 | F53: 1 | G53: 2 | AB53: QR収録 | AC53: 原データ
A54: 53 | B54: 既存 | C54: B2,B1,1-2 | D54: B2 | E54: B1 | F54: 1 | G54: 2 | AB54: QR収録 | AC54: 原データ
A55: 54 | B55: 既存 | C55: B2-B1,1-2 | D55: B2 | E55: B1 | F55: 1 | G55: 2 | AB55: QR収録 | AC55: 原データ
A56: 55 | B56: 既存 | C56: B2,B1,1,2,3N-4N,5 | D56: B2 | E56: B1 | F56: 1 | G56: 2 | H56: 3N | I56: 4N | J56: 5 | AB56: QR収録 | AC56: 原データ
A57: 56 | B57: 既存 | C57: B2,B1,1-3 | D57: B2 | E57: B1 | F57: 1 | G57: 2 | H57: 3 | AB57: QR収録 | AC57: 原データ
A58: 57 | B58: 既存 | C58: B2-B1,1-3 | D58: B2 | E58: B1 | F58: 1 | G58: 2 | H58: 3 | AB58: QR収録 | AC58: 原データ
A59: 58 | B59: 既存 | C59: B2,B1,1-4 | D59: B2 | E59: B1 | F59: 1 | G59: 2 | H59: 3 | I59: 4 | AB59: QR収録 | AC59: 原データ
A60: 59 | B60: 既存 | C60: B2-B1,1-4 | D60: B2 | E60: B1 | F60: 1 | G60: 2 | H60: 3 | I60: 4 | AB60: QR収録 | AC60: 原データ
A61: 60 | B61: 既存 | C61: B2,B1,1-5 | D61: B2 | E61: B1 | F61: 1 | G61: 2 | H61: 3 | I61: 4 | J61: 5 | AB61: QR収録 | AC61: 原データ
A62: 61 | B62: 既存 | C62: B2,B1,1-6 | D62: B2 | E62: B1 | F62: 1 | G62: 2 | H62: 3 | I62: 4 | J62: 5 | K62: 6 | AB62: QR収録 | AC62: 原データ
A63: 62 | B63: 既存 | C63: B2-B1,1-6 | D63: B2 | E63: B1 | F63: 1 | G63: 2 | H63: 3 | I63: 4 | J63: 5 | K63: 6 | AB63: QR収録 | AC63: 原データ
A64: 63 | B64: 既存 | C64: B2,B1,1,2,3,4,5,6,7 | D64: B2 | E64: B1 | F64: 1 | G64: 2 | H64: 3 | I64: 4 | J64: 5 | K64: 6 | L64: 7 | AB64: QR収録 | AC64: 原データ
A65: 64 | B65: 追加 | C65: B2,B1,1-7 | D65: B2 | E65: B1 | F65: 1 | G65: 2 | H65: 3 | I65: 4 | J65: 5 | K65: 6 | L65: 7 | AB65: QR収録 | AC65: 原データ
A66: 65 | B66: 既存 | C66: B2-B1,1-7 | D66: B2 | E66: B1 | F66: 1 | G66: 2 | H66: 3 | I66: 4 | J66: 5 | K66: 6 | L66: 7 | AB66: QR収録 | AC66: 原データ
A67: 66 | B67: 既存 | C67: B2,B1,1-8 | D67: B2 | E67: B1 | F67: 1 | G67: 2 | H67: 3 | I67: 4 | J67: 5 | K67: 6 | L67: 7 | M67: 8 | AB67: QR収録 | AC67: 原データ
A68: 67 | B68: 既存 | C68: B2-B1,1-8 | D68: B2 | E68: B1 | F68: 1 | G68: 2 | H68: 3 | I68: 4 | J68: 5 | K68: 6 | L68: 7 | M68: 8 | AB68: QR収録 | AC68: 原データ
A69: 68 | B69: 追加 | C69: B2,B1,1-9 | D69: B2 | E69: B1 | F69: 1 | G69: 2 | H69: 3 | I69: 4 | J69: 5 | K69: 6 | L69: 7 | M69: 8 | N69: 9 | AB69: QR収録 | AC69: 原データ
A70: 69 | B70: 追加 | C70: B2,B1,1-10 | D70: B2 | E70: B1 | F70: 1 | G70: 2 | H70: 3 | I70: 4 | J70: 5 | K70: 6 | L70: 7 | M70: 8 | N70: 9 | O70: 10 | AB70: QR収録 | AC70: 原データ
A71: 70 | B71: 既存 | C71: B2,B1,1-11 | D71: B2 | E71: B1 | F71: 1 | G71: 2 | H71: 3 | I71: 4 | J71: 5 | K71: 6 | L71: 7 | M71: 8 | N71: 9 | O71: 10 | P71: 11 | AB71: QR収録 | AC71: 原データ
A72: 71 | B72: 追加 | C72: B2,B1,1-12 | D72: B2 | E72: B1 | F72: 1 | G72: 2 | H72: 3 | I72: 4 | J72: 5 | K72: 6 | L72: 7 | M72: 8 | N72: 9 | O72: 10 | P72: 11 | Q72: 12 | AB72: QR収録 | AC72: 原データ
A73: 72 | B73: 追加 | C73: B2,B1,1-13 | D73: B2 | E73: B1 | F73: 1 | G73: 2 | H73: 3 | I73: 4 | J73: 5 | K73: 6 | L73: 7 | M73: 8 | N73: 9 | O73: 10 | P73: 11 | Q73: 12 | R73: 13 | AB73: QR収録 | AC73: 原データ
A74: 73 | B74: 既存 | C74: B2-B1,1-13 | D74: B2 | E74: B1 | F74: 1 | G74: 2 | H74: 3 | I74: 4 | J74: 5 | K74: 6 | L74: 7 | M74: 8 | N74: 9 | O74: 10 | P74: 11 | Q74: 12 | R74: 13 | AB74: QR収録 | AC74: 原データ
A75: 74 | B75: 追加 | C75: B2,B1,1-14 | D75: B2 | E75: B1 | F75: 1 | G75: 2 | H75: 3 | I75: 4 | J75: 5 | K75: 6 | L75: 7 | M75: 8 | N75: 9 | O75: 10 | P75: 11 | Q75: 12 | R75: 13 | S75: 14 | AB75: QR収録 | AC75: 原データ
A76: 75 | B76: 追加 | C76: B2,B1,1-15 | D76: B2 | E76: B1 | F76: 1 | G76: 2 | H76: 3 | I76: 4 | J76: 5 | K76: 6 | L76: 7 | M76: 8 | N76: 9 | O76: 10 | P76: 11 | Q76: 12 | R76: 13 | S76: 14 | T76: 15 | AB76: QR収録 | AC76: 原データ
A77: 76 | B77: 追加 | C77: B2,B1,1-16 | D77: B2 | E77: B1 | F77: 1 | G77: 2 | H77: 3 | I77: 4 | J77: 5 | K77: 6 | L77: 7 | M77: 8 | N77: 9 | O77: 10 | P77: 11 | Q77: 12 | R77: 13 | S77: 14 | T77: 15 | U77: 16 | AB77: QR収録 | AC77: 原データ
A78: 77 | B78: 追加 | C78: B2,B1,1-17 | D78: B2 | E78: B1 | F78: 1 | G78: 2 | H78: 3 | I78: 4 | J78: 5 | K78: 6 | L78: 7 | M78: 8 | N78: 9 | O78: 10 | P78: 11 | Q78: 12 | R78: 13 | S78: 14 | T78: 15 | U78: 16 | V78: 17 | AB78: QR収録 | AC78: 原データ
A79: 78 | B79: 追加 | C79: B2,B1,1-18 | D79: B2 | E79: B1 | F79: 1 | G79: 2 | H79: 3 | I79: 4 | J79: 5 | K79: 6 | L79: 7 | M79: 8 | N79: 9 | O79: 10 | P79: 11 | Q79: 12 | R79: 13 | S79: 14 | T79: 15 | U79: 16 | V79: 17 | W79: 18 | AB79: QR収録 | AC79: 原データ
A80: 79 | B80: 追加 | C80: B2,B1,1-19 | D80: B2 | E80: B1 | F80: 1 | G80: 2 | H80: 3 | I80: 4 | J80: 5 | K80: 6 | L80: 7 | M80: 8 | N80: 9 | O80: 10 | P80: 11 | Q80: 12 | R80: 13 | S80: 14 | T80: 15 | U80: 16 | V80: 17 | W80: 18 | X80: 19 | AB80: QR収録 | AC80: 原データ
A81: 80 | B81: 追加 | C81: B2,B1,1-20 | D81: B2 | E81: B1 | F81: 1 | G81: 2 | H81: 3 | I81: 4 | J81: 5 | K81: 6 | L81: 7 | M81: 8 | N81: 9 | O81: 10 | P81: 11 | Q81: 12 | R81: 13 | S81: 14 | T81: 15 | U81: 16 | V81: 17 | W81: 18 | X81: 19 | Y81: 20 | AB81: QR収録 | AC81: 原データ
A82: 81 | B82: 追加 | C82: B2,B1,1-21 | D82: B2 | E82: B1 | F82: 1 | G82: 2 | H82: 3 | I82: 4 | J82: 5 | K82: 6 | L82: 7 | M82: 8 | N82: 9 | O82: 10 | P82: 11 | Q82: 12 | R82: 13 | S82: 14 | T82: 15 | U82: 16 | V82: 17 | W82: 18 | X82: 19 | Y82: 20 | Z82: 21 | AB82: QR収録 | AC82: 原データ
A83: 82 | B83: 追加 | C83: B2,B1,1-22 | D83: B2 | E83: B1 | F83: 1 | G83: 2 | H83: 3 | I83: 4 | J83: 5 | K83: 6 | L83: 7 | M83: 8 | N83: 9 | O83: 10 | P83: 11 | Q83: 12 | R83: 13 | S83: 14 | T83: 15 | U83: 16 | V83: 17 | W83: 18 | X83: 19 | Y83: 20 | Z83: 21 | AA83: 22 | AB83: QR収録 | AC83: 原データ
A84: 83 | B84: 既存 | C84: B2-B1,1-15,PH | D84: B2 | E84: B1 | F84: 1 | G84: 2 | H84: 3 | I84: 4 | J84: 5 | K84: 6 | L84: 7 | M84: 8 | N84: 9 | O84: 10 | P84: 11 | Q84: 12 | R84: 13 | S84: 14 | T84: 15 | U84: PH | AB84: QR収録 | AC84: 原データ
A85: 84 | B85: 追加 | C85: B2,B1,1-14,R | D85: B2 | E85: B1 | F85: 1 | G85: 2 | H85: 3 | I85: 4 | J85: 5 | K85: 6 | L85: 7 | M85: 8 | N85: 9 | O85: 10 | P85: 11 | Q85: 12 | R85: 13 | S85: 14 | T85: R | AB85: QR収録 | AC85: 原データ
A86: 85 | B86: 追加 | C86: B2,B1,1-13,R | D86: B2 | E86: B1 | F86: 1 | G86: 2 | H86: 3 | I86: 4 | J86: 5 | K86: 6 | L86: 7 | M86: 8 | N86: 9 | O86: 10 | P86: 11 | Q86: 12 | R86: 13 | S86: R | AB86: QR収録 | AC86: 原データ
A87: 86 | B87: 追加 | C87: B2,B1,1-12,R | D87: B2 | E87: B1 | F87: 1 | G87: 2 | H87: 3 | I87: 4 | J87: 5 | K87: 6 | L87: 7 | M87: 8 | N87: 9 | O87: 10 | P87: 11 | Q87: 12 | R87: R | AB87: QR収録 | AC87: 原データ
A88: 87 | B88: 追加 | C88: B2,B1,1-11,R | D88: B2 | E88: B1 | F88: 1 | G88: 2 | H88: 3 | I88: 4 | J88: 5 | K88: 6 | L88: 7 | M88: 8 | N88: 9 | O88: 10 | P88: 11 | Q88: R | AB88: QR収録 | AC88: 原データ
A89: 88 | B89: 追加 | C89: B2,B1,1-10,R | D89: B2 | E89: B1 | F89: 1 | G89: 2 | H89: 3 | I89: 4 | J89: 5 | K89: 6 | L89: 7 | M89: 8 | N89: 9 | O89: 10 | P89: R | AB89: QR収録 | AC89: 原データ
A90: 89 | B90: 追加 | C90: B2,B1,1-9,R | D90: B2 | E90: B1 | F90: 1 | G90: 2 | H90: 3 | I90: 4 | J90: 5 | K90: 6 | L90: 7 | M90: 8 | N90: 9 | O90: R | AB90: QR収録 | AC90: 原データ
A91: 90 | B91: 既存 | C91: B2,B1,1-8,R | D91: B2 | E91: B1 | F91: 1 | G91: 2 | H91: 3 | I91: 4 | J91: 5 | K91: 6 | L91: 7 | M91: 8 | N91: R | AB91: QR収録 | AC91: 原データ
A92: 91 | B92: 既存 | C92: B2-B1,1-8,R | D92: B2 | E92: B1 | F92: 1 | G92: 2 | H92: 3 | I92: 4 | J92: 5 | K92: 6 | L92: 7 | M92: 8 | N92: R | AB92: QR収録 | AC92: 原データ
A93: 92 | B93: 既存 | C93: B2,B1,1-7,R | D93: B2 | E93: B1 | F93: 1 | G93: 2 | H93: 3 | I93: 4 | J93: 5 | K93: 6 | L93: 7 | M93: R | AB93: QR収録 | AC93: 原データ
A94: 93 | B94: 追加 | C94: B2,B1,1-6,R | D94: B2 | E94: B1 | F94: 1 | G94: 2 | H94: 3 | I94: 4 | J94: 5 | K94: 6 | L94: R | AB94: QR収録 | AC94: 原データ
A95: 94 | B95: 既存 | C95: B2,B1,1-5,R | D95: B2 | E95: B1 | F95: 1 | G95: 2 | H95: 3 | I95: 4 | J95: 5 | K95: R | AB95: QR収録 | AC95: 原データ
A96: 95 | B96: 追加 | C96: B2,B1,1-4,R | D96: B2 | E96: B1 | F96: 1 | G96: 2 | H96: 3 | I96: 4 | J96: R | AB96: QR収録 | AC96: 原データ
A97: 96 | B97: 既存 | C97: B2-B1,1-3,5-6,PH | D97: B2 | E97: B1 | F97: 1 | G97: 2 | H97: 3 | I97: 5 | J97: 6 | K97: PH | AB97: QR収録 | AC97: 原データ
A98: 97 | B98: 追加 | C98: B2,B1,1-3,R | D98: B2 | E98: B1 | F98: 1 | G98: 2 | H98: 3 | I98: R | AB98: QR収録 | AC98: 原データ
A99: 98 | B99: 既存 | C99: B2-B1,1-3,R | D99: B2 | E99: B1 | F99: 1 | G99: 2 | H99: 3 | I99: R | AB99: QR収録 | AC99: 原データ
A100: 99 | B100: 既存 | C100: B2,B1,1-2,4 | D100: B2 | E100: B1 | F100: 1 | G100: 2 | H100: 4 | AB100: QR収録 | AC100: 原データ
...

Sheet 塔内機器_出力①_DB
B3: ■ガバナ振れ止め(CWT側ガバナ用)員数ＤＢ
B4: 対象：UA-25T,WTSF付
B5: 全高 | E5: 員数
B6: 0 | C6: ～ | D6: 10000 | E6: 0
B7: 10001 | C7: ～ | D7: 30000 | E7: 1
B8: 30001 | C8: ～ | D8: 45000 | E8: 2
B9: 45001 | C9: ～ | D9: 60000 | E9: 3
B10: 60001 | C10: ～ | D10: 75000 | E10: 4
B11: 75001 | C11: ～ | D11: 90000 | E11: 5

Sheet 塔内機器_出力②_DB
B2: ■フェッシャプレートの階高別の組合せDB
B3: 比較用 | C3: 機種CD | D3: OP | E3: 遮煙有無 | F3: 階高（mm） | I3: ﾌｪｯｼｬｰ寸法 【員数】 | J3: 中間ブラ 【員数】 | L3: データ区分 | O3: 確認区分 | P3: 頂部テールコードサポートブラの取付範囲 | T3: 機種ID | U3: 確認対象 | V3: 根拠資料 | W3: 資料の版 | X3: 確認者 | Y3: 確認日 | Z3: 判定 | AA3: 推定行の使用可
A4: 10100000 | B4: UA-25TP800無0 | C4: UA-25TP | D4: 800 | E4: 無 | F4: 0 | G4: ～ | H4: 2640 | I4: 無し | J4: 0 | K4: 101 | L4: QR収録 | M4: UA-25TP800無 | N4: 101 | O4: 原データ | P4: 後落ち | Q4: P-6 | R4: 400 | T4: 101 | U4: UA-25TP OP800 遮煙無 | Z4: QR収録 | AA4: =IF(AND(V4<>"",W4<>"",X4<>"",COUNT(Y4)=1,Y4>0,Z4="確認済"),1,0) -> 0
A5: 10102641 | B5: UA-25TP800無2641 | C5: UA-25TP | D5: 800 | E5: 無 | F5: 2641 | G5: ～ | H5: 2715 | I5: 延長ﾄｰｶﾞｰﾄﾞ【1】 | J5: 0 | K5: 101 | L5: QR収録 | M5: UA-25TP800有 | N5: 102 | O5: 原データ | Q5: P-9 | R5: 475 | T5: 102 | U5: UA-25TP OP800 遮煙有 | Z5: QR収録 | AA5: =IF(AND(V5<>"",W5<>"",X5<>"",COUNT(Y5)=1,Y5>0,Z5="確認済"),1,0) -> 0
A6: 10102716 | B6: UA-25TP800無2716 | C6: UA-25TP | D6: 800 | E6: 無 | F6: 2716 | G6: ～ | H6: 2765 | I6: 220【1】 | J6: 0 | K6: 101 | L6: QR収録 | M6: UA-25TP900無 | N6: 103 | O6: 原データ | Q6: P-11～P-15 | R6: 1225 | T6: 103 | U6: UA-25TP OP900 遮煙無 | Z6: QR収録 | AA6: =IF(AND(V6<>"",W6<>"",X6<>"",COUNT(Y6)=1,Y6>0,Z6="確認済"),1,0) -> 0
A7: 10102766 | B7: UA-25TP800無2766 | C7: UA-25TP | D7: 800 | E7: 無 | F7: 2766 | G7: ～ | H7: 2865 | I7: 320【1】 | J7: 0 | K7: 101 | L7: QR収録 | M7: UA-25TP900有 | N7: 104 | O7: 原データ | T7: 104 | U7: UA-25TP OP900 遮煙有 | Z7: QR収録 | AA7: =IF(AND(V7<>"",W7<>"",X7<>"",COUNT(Y7)=1,Y7>0,Z7="確認済"),1,0) -> 0
A8: 10102866 | B8: UA-25TP800無2866 | C8: UA-25TP | D8: 800 | E8: 無 | F8: 2866 | G8: ～ | H8: 2965 | I8: 420【1】 | J8: 0 | K8: 101 | L8: QR収録 | M8: UA-25TP1000無 | N8: 105 | O8: 原データ | T8: 105 | U8: UA-25TP OP1000 遮煙無 | Z8: QR収録 | AA8: =IF(AND(V8<>"",W8<>"",X8<>"",COUNT(Y8)=1,Y8>0,Z8="確認済"),1,0) -> 0
A9: 10102966 | B9: UA-25TP800無2966 | C9: UA-25TP | D9: 800 | E9: 無 | F9: 2966 | G9: ～ | H9: 3065 | I9: 520【1】 | J9: 0 | K9: 101 | L9: QR収録 | M9: UA-25TP1000有 | N9: 106 | O9: 原データ | T9: 106 | U9: UA-25TP OP1000 遮煙有 | Z9: QR収録 | AA9: =IF(AND(V9<>"",W9<>"",X9<>"",COUNT(Y9)=1,Y9>0,Z9="確認済"),1,0) -> 0
A10: 10103066 | B10: UA-25TP800無3066 | C10: UA-25TP | D10: 800 | E10: 無 | F10: 3066 | G10: ～ | H10: 3165 | I10: 620【1】 | J10: 0 | K10: 101 | L10: QR収録 | M10: UA-25TP1100無 | N10: 107 | O10: 原データ | T10: 107 | U10: UA-25TP OP1100 遮煙無 | Z10: QR収録 | AA10: =IF(AND(V10<>"",W10<>"",X10<>"",COUNT(Y10)=1,Y10>0,Z10="確認済"),1,0) -> 0
A11: 10103166 | B11: UA-25TP800無3166 | C11: UA-25TP | D11: 800 | E11: 無 | F11: 3166 | G11: ～ | H11: 3265 | I11: 720【1】 | J11: 0 | K11: 101 | L11: QR収録 | M11: UA-25TP1100有 | N11: 108 | O11: 原データ | T11: 108 | U11: UA-25TP OP1100 遮煙有 | Z11: QR収録 | AA11: =IF(AND(V11<>"",W11<>"",X11<>"",COUNT(Y11)=1,Y11>0,Z11="確認済"),1,0) -> 0
A12: 10103266 | B12: UA-25TP800無3266 | C12: UA-25TP | D12: 800 | E12: 無 | F12: 3266 | G12: ～ | H12: 3365 | I12: 820【1】 | J12: 0 | K12: 101 | L12: QR収録 | M12: UAE-25T1000無 | N12: 109 | O12: 一部推定 | T12: 109 | U12: UAE-25T OP1000 遮煙無 | Z12: 未確認 | AA12: =IF(AND(V12<>"",W12<>"",X12<>"",COUNT(Y12)=1,Y12>0,Z12="確認済"),1,0) -> 0
A13: 10103366 | B13: UA-25TP800無3366 | C13: UA-25TP | D13: 800 | E13: 無 | F13: 3366 | G13: ～ | H13: 3465 | I13: 920【1】 | J13: 0 | K13: 101 | L13: QR収録 | M13: UAE-25T1000有 | N13: 110 | O13: 推定・要照合 | T13: 110 | U13: UAE-25T OP1000 遮煙有 | Z13: 未確認 | AA13: =IF(AND(V13<>"",W13<>"",X13<>"",COUNT(Y13)=1,Y13>0,Z13="確認済"),1,0) -> 0
A14: 10103466 | B14: UA-25TP800無3466 | C14: UA-25TP | D14: 800 | E14: 無 | F14: 3466 | G14: ～ | H14: 3565 | I14: 1020【1】 | J14: 0 | K14: 101 | L14: QR収録 | M14: UAE-25T1100無 | N14: 111 | O14: 推定・要照合 | T14: 111 | U14: UAE-25T OP1100 遮煙無 | Z14: 未確認 | AA14: =IF(AND(V14<>"",W14<>"",X14<>"",COUNT(Y14)=1,Y14>0,Z14="確認済"),1,0) -> 0
A15: 10103566 | B15: UA-25TP800無3566 | C15: UA-25TP | D15: 800 | E15: 無 | F15: 3566 | G15: ～ | H15: 3665 | I15: 1120【1】 | J15: 0 | K15: 101 | L15: QR収録 | M15: UAE-25T1100有 | N15: 112 | O15: 推定・要照合 | T15: 112 | U15: UAE-25T OP1100 遮煙有 | Z15: 未確認 | AA15: =IF(AND(V15<>"",W15<>"",X15<>"",COUNT(Y15)=1,Y15>0,Z15="確認済"),1,0) -> 0
A16: 10103666 | B16: UA-25TP800無3666 | C16: UA-25TP | D16: 800 | E16: 無 | F16: 3666 | G16: ～ | H16: 3765 | I16: 420【1】+800【1】 | J16: 1 | K16: 101 | L16: QR収録 | M16: UA-25TR800無 | N16: 113 | O16: 推定・要照合 | T16: 113 | U16: UA-25TR OP800 遮煙無 | Z16: 未確認 | AA16: =IF(AND(V16<>"",W16<>"",X16<>"",COUNT(Y16)=1,Y16>0,Z16="確認済"),1,0) -> 0
A17: 10103766 | B17: UA-25TP800無3766 | C17: UA-25TP | D17: 800 | E17: 無 | F17: 3766 | G17: ～ | H17: 3865 | I17: 520【1】+800【1】 | J17: 1 | K17: 101 | L17: QR収録 | M17: UA-25TR800有 | N17: 114 | O17: 推定・要照合 | T17: 114 | U17: UA-25TR OP800 遮煙有 | Z17: 未確認 | AA17: =IF(AND(V17<>"",W17<>"",X17<>"",COUNT(Y17)=1,Y17>0,Z17="確認済"),1,0) -> 0
A18: 10103866 | B18: UA-25TP800無3866 | C18: UA-25TP | D18: 800 | E18: 無 | F18: 3866 | G18: ～ | H18: 3965 | I18: 620【1】+800【1】 | J18: 1 | K18: 101 | L18: QR収録 | M18: UA-25TR900無 | N18: 115 | O18: 推定・要照合 | T18: 115 | U18: UA-25TR OP900 遮煙無 | Z18: 未確認 | AA18: =IF(AND(V18<>"",W18<>"",X18<>"",COUNT(Y18)=1,Y18>0,Z18="確認済"),1,0) -> 0
... A23: 10104366 | B23: UA-25TP800無4366 | C23: UA-25TP | D23: 800 | E23: 無 | F23: 4366 | G23: ～ | H23: 4465 | I23: 1120【1】+800【1】 | J23: 1 | K23: 101 | L23: QR収録 | M23: UA-25TB1200有 | N23: 120 | O23: 推定・要照合 | T23: 120 | U23: UA-25TB OP1200 遮煙有 | Z23: 未確認 | AA23: =IF(AND(V23<>"",W23<>"",X23<>"",COUNT(Y23)=1,Y23>0,Z23="確認済"),1,0) -> 0
A24: 10104466 | B24: UA-25TP800無4466 | C24: UA-25TP | D24: 800 | E24: 無 | F24: 4466 | G24: ～ | H24: 4565 | I24: 420【1】+800【2】 | J24: 2 | K24: 101 | L24: QR収録
A25: 10104566 | B25: UA-25TP800無4566 | C25: UA-25TP | D25: 800 | E25: 無 | F25: 4566 | G25: ～ | H25: 4665 | I25: 520【1】+800【2】 | J25: 2 | K25: 101 | L25: QR収録
A26: 10104666 | B26: UA-25TP800無4666 | C26: UA-25TP | D26: 800 | E26: 無 | F26: 4666 | G26: ～ | H26: 4765 | I26: 620【1】+800【2】 | J26: 2 | K26: 101 | L26: QR収録
A27: 10104766 | B27: UA-25TP800無4766 | C27: UA-25TP | D27: 800 | E27: 無 | F27: 4766 | G27: ～ | H27: 4865 | I27: 720【1】+800【2】 | J27: 2 | K27: 101 | L27: QR収録
A28: 10104866 | B28: UA-25TP800無4866 | C28: UA-25TP | D28: 800 | E28: 無 | F28: 4866 | G28: ～ | H28: 4965 | I28: 820【1】+800【2】 | J28: 2 | K28: 101 | L28: QR収録
A29: 10104966 | B29: UA-25TP800無4966 | C29: UA-25TP | D29: 800 | E29: 無 | F29: 4966 | G29: ～ | H29: 5065 | I29: 920【1】+800【2】 | J29: 2 | K29: 101 | L29: QR収録
A30: 10105066 | B30: UA-25TP800無5066 | C30: UA-25TP | D30: 800 | E30: 無 | F30: 5066 | G30: ～ | H30: 5165 | I30: 1020【1】+800【2】 | J30: 2 | K30: 101 | L30: QR収録
A31: 10105166 | B31: UA-25TP800無5166 | C31: UA-25TP | D31: 800 | E31: 無 | F31: 5166 | G31: ～ | H31: 5265 | I31: 1120【1】+800【2】 | J31: 2 | K31: 101 | L31: QR収録
A32: 10105266 | B32: UA-25TP800無5266 | C32: UA-25TP | D32: 800 | E32: 無 | F32: 5266 | G32: ～ | H32: 5365 | I32: 420【1】+800【3】 | J32: 3 | K32: 101 | L32: QR収録
A33: 10105366 | B33: UA-25TP800無5366 | C33: UA-25TP | D33: 800 | E33: 無 | F33: 5366 | G33: ～ | H33: 5465 | I33: 520【1】+800【3】 | J33: 3 | K33: 101 | L33: QR収録
A34: 10105466 | B34: UA-25TP800無5466 | C34: UA-25TP | D34: 800 | E34: 無 | F34: 5466 | G34: ～ | H34: 5565 | I34: 620【1】+800【3】 | J34: 3 | K34: 101 | L34: QR収録
A35: 10105566 | B35: UA-25TP800無5566 | C35: UA-25TP | D35: 800 | E35: 無 | F35: 5566 | G35: ～ | H35: 5665 | I35: 720【1】+800【3】 | J35: 3 | K35: 101 | L35: QR収録
... A1123: 12007951 | B1123: UA-25TB1200有7951 | C1123: UA-25TB | D1123: 1200 | E1123: 有 | F1123: 7951 | G1123: ～ | H1123: 8050 | I1123: 720【1】+800【6】 | J1123: 6 | K1123: 120 | L1123: 推定補完
